-- phpMyAdmin SQL Dump
-- version 4.8.5
-- https://www.phpmyadmin.net/
--
-- Servidor: 127.0.0.1:3306
-- Tiempo de generación: 04-10-2019 a las 12:10:54
-- Versión del servidor: 5.7.26
-- Versión de PHP: 7.2.18

SET SQL_MODE = "NO_AUTO_VALUE_ON_ZERO";
SET AUTOCOMMIT = 0;
START TRANSACTION;
SET time_zone = "+00:00";


/*!40101 SET @OLD_CHARACTER_SET_CLIENT=@@CHARACTER_SET_CLIENT */;
/*!40101 SET @OLD_CHARACTER_SET_RESULTS=@@CHARACTER_SET_RESULTS */;
/*!40101 SET @OLD_COLLATION_CONNECTION=@@COLLATION_CONNECTION */;
/*!40101 SET NAMES utf8mb4 */;

--
-- Base de datos: `sistema_bar`
--

-- --------------------------------------------------------

--
-- Estructura de tabla para la tabla `abono_compras`
--

DROP TABLE IF EXISTS `abono_compras`;
CREATE TABLE IF NOT EXISTS `abono_compras` (
  `id` int(11) NOT NULL AUTO_INCREMENT,
  `id_factura` int(11) NOT NULL,
  `valor` int(11) NOT NULL,
  `descripcion` text COLLATE utf8_spanish_ci NOT NULL,
  `fecha` date NOT NULL,
  PRIMARY KEY (`id`)
) ENGINE=MyISAM AUTO_INCREMENT=4 DEFAULT CHARSET=utf8 COLLATE=utf8_spanish_ci;

--
-- Volcado de datos para la tabla `abono_compras`
--

INSERT INTO `abono_compras` (`id`, `id_factura`, `valor`, `descripcion`, `fecha`) VALUES
(3, 1, 28000, 'abono a factura', '2019-09-16');

-- --------------------------------------------------------

--
-- Estructura de tabla para la tabla `abono_venta`
--

DROP TABLE IF EXISTS `abono_venta`;
CREATE TABLE IF NOT EXISTS `abono_venta` (
  `id` int(11) NOT NULL AUTO_INCREMENT,
  `id_factura` int(11) NOT NULL,
  `valor` int(11) NOT NULL,
  `descripcion` text COLLATE utf8_spanish_ci NOT NULL,
  `fecha` date NOT NULL,
  PRIMARY KEY (`id`)
) ENGINE=MyISAM AUTO_INCREMENT=5 DEFAULT CHARSET=utf8 COLLATE=utf8_spanish_ci;

--
-- Volcado de datos para la tabla `abono_venta`
--

INSERT INTO `abono_venta` (`id`, `id_factura`, `valor`, `descripcion`, `fecha`) VALUES
(1, 1, 63000, 'abono a factura', '2019-10-03'),
(2, 1, 50000, 'abono a factura', '2019-10-03'),
(4, 1, 30000, 'abonos a factura', '2019-10-03');

-- --------------------------------------------------------

--
-- Estructura de tabla para la tabla `categoria`
--

DROP TABLE IF EXISTS `categoria`;
CREATE TABLE IF NOT EXISTS `categoria` (
  `id` int(255) NOT NULL AUTO_INCREMENT,
  `nombre` varchar(255) DEFAULT NULL,
  PRIMARY KEY (`id`)
) ENGINE=InnoDB AUTO_INCREMENT=5 DEFAULT CHARSET=latin1;

--
-- Volcado de datos para la tabla `categoria`
--

INSERT INTO `categoria` (`id`, `nombre`) VALUES
(1, 'categoria editada'),
(2, 'categoria2'),
(3, 'categoria3'),
(4, 'categoria4');

-- --------------------------------------------------------

--
-- Estructura de tabla para la tabla `cliente`
--

DROP TABLE IF EXISTS `cliente`;
CREATE TABLE IF NOT EXISTS `cliente` (
  `id` int(255) NOT NULL AUTO_INCREMENT,
  `nombre` varchar(255) DEFAULT NULL,
  `nit` varchar(100) DEFAULT NULL,
  `direccion` text,
  `departamento` varchar(255) DEFAULT NULL,
  `ciudad` varchar(255) DEFAULT NULL,
  `email` varchar(255) DEFAULT NULL,
  `telefono` varchar(255) DEFAULT NULL,
  PRIMARY KEY (`id`)
) ENGINE=InnoDB AUTO_INCREMENT=6 DEFAULT CHARSET=latin1;

--
-- Volcado de datos para la tabla `cliente`
--

INSERT INTO `cliente` (`id`, `nombre`, `nit`, `direccion`, `departamento`, `ciudad`, `email`, `telefono`) VALUES
(1, 'JOSE MIGUEL MONTES RIOS', '1064979844', 'carrera 11A #21 - 20', 'CORDOBA', 'SAHAGUN', 'pedro@gmail.com', '(300) 454-8774'),
(2, 'PEDRO MIGUEL PERES LOPEZ', '1064979844', 'CALLE 15 NÂ° 16-05', 'CORDOBA', 'CHINO', 'pedro@gmail.com', '(300) 454-8774'),
(4, 'ANDRES MARTINEZ CABADIA', '7801645985', 'parque centro', 'CORDOBA', 'SAHAGUN', 'em@gmail.com', '(878) 788-7878'),
(5, 'RAMON MILSIADES VILLALOBOA', '7875454', 'avenida los estuintes', 'SUCRE', 'LA UNION', 'ramosn@gmail.com', '(300) 555-5555');

-- --------------------------------------------------------

--
-- Estructura de tabla para la tabla `compra`
--

DROP TABLE IF EXISTS `compra`;
CREATE TABLE IF NOT EXISTS `compra` (
  `id` int(255) NOT NULL AUTO_INCREMENT,
  `numero_factura` int(255) DEFAULT NULL,
  `fecha` date DEFAULT NULL,
  `hora` time NOT NULL,
  `tipo` int(255) DEFAULT NULL,
  `plazo` int(255) DEFAULT NULL,
  `fecha_vencimiento` date DEFAULT NULL,
  `id_proveedor` int(255) DEFAULT NULL,
  `detalle_compra` text,
  `sub_total` int(255) DEFAULT NULL,
  `iva` int(255) DEFAULT NULL,
  `total` int(255) DEFAULT NULL,
  `saldo` int(11) NOT NULL,
  PRIMARY KEY (`id`),
  KEY `id_proveedor` (`id_proveedor`)
) ENGINE=InnoDB AUTO_INCREMENT=9 DEFAULT CHARSET=latin1;

--
-- Volcado de datos para la tabla `compra`
--

INSERT INTO `compra` (`id`, `numero_factura`, `fecha`, `hora`, `tipo`, `plazo`, `fecha_vencimiento`, `id_proveedor`, `detalle_compra`, `sub_total`, `iva`, `total`, `saldo`) VALUES
(1, 44545, '2019-08-07', '06:59:54', 1, 4, '2019-10-07', 1, '[{\"id\":\"5\",\"codigo\":\"1001\",\"descripcion\":\"producto editado\",\"cantidad\":\"90\",\"precio\":\"5000\",\"descuento\":\"0\",\"impuesto\":\"19\",\"subtotal\":\"450000\"},{\"id\":\"1\",\"codigo\":\"1001\",\"descripcion\":\"llanta 300x17 h882 chaoyang\",\"cantidad\":\"10\",\"precio\":\"41000\",\"descuento\":\"0\",\"impuesto\":\"19\",\"subtotal\":\"410000\"},{\"id\":\"3\",\"codigo\":\"1003\",\"descripcion\":\"llanta 275x17 H626 lagarto chaoyan \",\"cantidad\":\"5\",\"precio\":\"38500\",\"descuento\":\"0\",\"impuesto\":\"19\",\"subtotal\":\"192500\"}]', 980613, 71887, 1052500, 1024500),
(2, 545554587, '2019-05-23', '07:15:03', 1, 5, '2019-10-27', 2, '[{\"id\":\"4\",\"codigo\":\"1004\",\"descripcion\":\"gusanillo automatico\",\"cantidad\":\"1\",\"precio\":\"190\",\"descuento\":\"0\",\"impuesto\":\"19\",\"subtotal\":\"190\"},{\"id\":\"3\",\"codigo\":\"1003\",\"descripcion\":\"llanta 275x17 H626 lagarto chaoyan \",\"cantidad\":\"1\",\"precio\":\"38500\",\"descuento\":\"0\",\"impuesto\":\"19\",\"subtotal\":\"38500\"},{\"id\":\"2\",\"codigo\":\"1002\",\"descripcion\":\"llanta 250x17 taco h871\",\"cantidad\":\"1\",\"precio\":\"35000\",\"descuento\":\"0\",\"impuesto\":\"19\",\"subtotal\":\"35000\"}]', 58574, 15116, 73690, 73690),
(3, 1054500, '2019-08-21', '11:09:06', 1, 1, '2019-10-26', 1, '[{\"id\":\"5\",\"codigo\":\"1001\",\"descripcion\":\"producto editado\",\"cantidad\":\"90\",\"precio\":\"5000\",\"descuento\":\"0\",\"impuesto\":\"19\",\"subtotal\":\"450000\"},{\"id\":\"1\",\"codigo\":\"1001\",\"descripcion\":\"llanta 300x17 h882 chaoyang\",\"cantidad\":\"10\",\"precio\":\"41000\",\"descuento\":\"0\",\"impuesto\":\"19\",\"subtotal\":\"410000\"},{\"id\":\"3\",\"codigo\":\"1003\",\"descripcion\":\"llanta 275x17 H626 lagarto chaoyan \",\"cantidad\":\"5\",\"precio\":\"38500\",\"descuento\":\"0\",\"impuesto\":\"19\",\"subtotal\":\"192500\"}]', 1500, 1500, 1558400, 458000),
(4, 1054500, '2019-08-23', '11:09:06', 1, 1, '2019-10-26', 2, '[{\"id\":\"5\",\"codigo\":\"1001\",\"descripcion\":\"producto editado\",\"cantidad\":\"90\",\"precio\":\"5000\",\"descuento\":\"0\",\"impuesto\":\"19\",\"subtotal\":\"450000\"},{\"id\":\"1\",\"codigo\":\"1001\",\"descripcion\":\"llanta 300x17 h882 chaoyang\",\"cantidad\":\"10\",\"precio\":\"41000\",\"descuento\":\"0\",\"impuesto\":\"19\",\"subtotal\":\"410000\"},{\"id\":\"3\",\"codigo\":\"1003\",\"descripcion\":\"llanta 275x17 H626 lagarto chaoyan \",\"cantidad\":\"5\",\"precio\":\"38500\",\"descuento\":\"0\",\"impuesto\":\"19\",\"subtotal\":\"192500\"}]', 1500, 1500, 305450, 305450),
(5, 656644, '2019-09-21', '11:09:06', 1, 1, '2019-10-26', 2, '[{\"id\":\"5\",\"codigo\":\"1001\",\"descripcion\":\"producto editado\",\"cantidad\":\"90\",\"precio\":\"5000\",\"descuento\":\"0\",\"impuesto\":\"19\",\"subtotal\":\"450000\"},{\"id\":\"1\",\"codigo\":\"1001\",\"descripcion\":\"llanta 300x17 h882 chaoyang\",\"cantidad\":\"10\",\"precio\":\"41000\",\"descuento\":\"0\",\"impuesto\":\"19\",\"subtotal\":\"410000\"},{\"id\":\"3\",\"codigo\":\"1003\",\"descripcion\":\"llanta 275x17 H626 lagarto chaoyan \",\"cantidad\":\"5\",\"precio\":\"38500\",\"descuento\":\"0\",\"impuesto\":\"19\",\"subtotal\":\"192500\"}]', 1500, 1500, 258400, 258400),
(6, 1054503, '2019-09-21', '11:09:06', 1, 1, '2019-10-26', 1, '[{\"id\":\"5\",\"codigo\":\"1001\",\"descripcion\":\"producto editado\",\"cantidad\":\"90\",\"precio\":\"5000\",\"descuento\":\"0\",\"impuesto\":\"19\",\"subtotal\":\"450000\"},{\"id\":\"1\",\"codigo\":\"1001\",\"descripcion\":\"llanta 300x17 h882 chaoyang\",\"cantidad\":\"10\",\"precio\":\"41000\",\"descuento\":\"0\",\"impuesto\":\"19\",\"subtotal\":\"410000\"},{\"id\":\"3\",\"codigo\":\"1003\",\"descripcion\":\"llanta 275x17 H626 lagarto chaoyan \",\"cantidad\":\"5\",\"precio\":\"38500\",\"descuento\":\"0\",\"impuesto\":\"19\",\"subtotal\":\"192500\"}]', 1500, 1500, 1545000, 1545000),
(7, 104545, '2019-10-04', '05:47:25', 1, 4, '2019-11-03', 1, '[{\"id\":\"1\",\"codigo\":\"1001\",\"descripcion\":\"llanta 300x17 h882 chaoyang\",\"cantidad\":\"3\",\"precio\":\"41000\",\"descuento\":\"0\",\"impuesto\":\"19\",\"subtotal\":\"123000\"},{\"id\":\"2\",\"codigo\":\"1002\",\"descripcion\":\"llanta 250x17 taco h871\",\"cantidad\":\"2\",\"precio\":\"35000\",\"descuento\":\"0\",\"impuesto\":\"19\",\"subtotal\":\"70000\"}]', 162184, 30816, 193000, 193000),
(8, 203451, '2019-10-04', '07:04:48', 1, 3, '2019-10-19', 1, '[{\"id\":\"4\",\"codigo\":\"1004\",\"descripcion\":\"gusanillo automatico\",\"cantidad\":\"100\",\"precio\":\"190\",\"descuento\":\"0\",\"impuesto\":\"19\",\"subtotal\":\"19000\"}]', 15966, 3034, 19000, 19000);

-- --------------------------------------------------------

--
-- Estructura de tabla para la tabla `compras_cliente`
--

DROP TABLE IF EXISTS `compras_cliente`;
CREATE TABLE IF NOT EXISTS `compras_cliente` (
  `id` int(11) NOT NULL AUTO_INCREMENT,
  `id_cliente` int(11) NOT NULL,
  `valor` int(11) NOT NULL,
  `num_factura` int(11) NOT NULL,
  `fecha` date NOT NULL,
  PRIMARY KEY (`id`)
) ENGINE=MyISAM AUTO_INCREMENT=16 DEFAULT CHARSET=latin1;

--
-- Volcado de datos para la tabla `compras_cliente`
--

INSERT INTO `compras_cliente` (`id`, `id_cliente`, `valor`, `num_factura`, `fecha`) VALUES
(1, 1, 563017, 1001, '2019-07-20'),
(2, 2, 140193, 1002, '2019-07-20'),
(3, 4, 277562, 1003, '2019-07-20'),
(6, 1, 1280695, 1004, '2019-07-22'),
(7, 1, 303419, 1005, '2019-07-22'),
(8, 1, 61542, 1006, '2019-09-03'),
(9, 1, 99484, 1007, '2019-09-12'),
(10, 1, 107761, 1008, '2019-09-12'),
(11, 2, 339915, 1009, '2019-09-12'),
(12, 5, 94671, 1010, '2019-09-12'),
(13, 4, 53669, 1011, '2019-09-12'),
(15, 2, 579080, 1012, '2019-10-04');

-- --------------------------------------------------------

--
-- Estructura de tabla para la tabla `compra_producto`
--

DROP TABLE IF EXISTS `compra_producto`;
CREATE TABLE IF NOT EXISTS `compra_producto` (
  `id` int(11) NOT NULL AUTO_INCREMENT,
  `id_producto` int(11) NOT NULL,
  `cantidad` int(11) NOT NULL,
  `num_factura` int(11) NOT NULL,
  `fecha` date NOT NULL,
  PRIMARY KEY (`id`)
) ENGINE=MyISAM AUTO_INCREMENT=55 DEFAULT CHARSET=utf8 COLLATE=utf8_spanish_ci;

--
-- Volcado de datos para la tabla `compra_producto`
--

INSERT INTO `compra_producto` (`id`, `id_producto`, `cantidad`, `num_factura`, `fecha`) VALUES
(48, 3, 5, 44545, '2019-09-07'),
(47, 1, 10, 44545, '2019-09-07'),
(46, 5, 90, 44545, '2019-09-07'),
(49, 4, 1, 545554587, '2019-09-12'),
(50, 3, 1, 545554587, '2019-09-12'),
(51, 2, 1, 545554587, '2019-09-12'),
(54, 4, 100, 203451, '2019-10-04');

-- --------------------------------------------------------

--
-- Estructura de tabla para la tabla `compra_proveedor`
--

DROP TABLE IF EXISTS `compra_proveedor`;
CREATE TABLE IF NOT EXISTS `compra_proveedor` (
  `id` int(11) NOT NULL AUTO_INCREMENT,
  `id_proveedor` int(11) NOT NULL,
  `valor` int(11) NOT NULL,
  `num_fectura` int(11) NOT NULL,
  `fecha` date NOT NULL,
  PRIMARY KEY (`id`)
) ENGINE=MyISAM AUTO_INCREMENT=7 DEFAULT CHARSET=utf8 COLLATE=utf8_spanish_ci;

--
-- Volcado de datos para la tabla `compra_proveedor`
--

INSERT INTO `compra_proveedor` (`id`, `id_proveedor`, `valor`, `num_fectura`, `fecha`) VALUES
(3, 1, 1102500, 44545, '2019-09-07'),
(4, 2, 73690, 545554587, '2019-09-12'),
(5, 1, 193000, 104545, '2019-10-04'),
(6, 1, 19000, 203451, '2019-10-04');

-- --------------------------------------------------------

--
-- Estructura de tabla para la tabla `datos_empresa`
--

DROP TABLE IF EXISTS `datos_empresa`;
CREATE TABLE IF NOT EXISTS `datos_empresa` (
  `id` int(255) NOT NULL AUTO_INCREMENT,
  `nit` varchar(255) DEFAULT NULL,
  `nombre` varchar(255) DEFAULT NULL,
  `direccion` varchar(255) DEFAULT NULL,
  `departamento` varchar(255) DEFAULT NULL,
  `ciudad` varchar(255) DEFAULT NULL,
  `telefono` varchar(20) DEFAULT NULL,
  `celular` varchar(20) DEFAULT NULL,
  `email` varchar(255) DEFAULT NULL,
  `paginaweb` varchar(255) DEFAULT NULL,
  `eslogan` text,
  PRIMARY KEY (`id`)
) ENGINE=InnoDB AUTO_INCREMENT=2 DEFAULT CHARSET=latin1;

--
-- Volcado de datos para la tabla `datos_empresa`
--

INSERT INTO `datos_empresa` (`id`, `nit`, `nombre`, `direccion`, `departamento`, `ciudad`, `telefono`, `celular`, `email`, `paginaweb`, `eslogan`) VALUES
(1, '7800000-0', 'NOMBRE EMPRESA', 'calle 21 carrera 11', 'Cordoba', 'Sahagun', '777 0000', '300 5555 5555', 'email@email.com', 'www.mipagina.com', 'eslogan de mi empresa');

-- --------------------------------------------------------

--
-- Estructura de tabla para la tabla `devol_cliente`
--

DROP TABLE IF EXISTS `devol_cliente`;
CREATE TABLE IF NOT EXISTS `devol_cliente` (
  `id` int(255) NOT NULL AUTO_INCREMENT,
  `codigo` int(255) DEFAULT NULL,
  `id_cliente` int(255) DEFAULT NULL,
  `num_factura` int(255) DEFAULT NULL,
  `productos` text,
  `valor` int(255) DEFAULT NULL,
  `iva` int(255) DEFAULT NULL,
  `utilidad` int(255) DEFAULT NULL,
  `costo` int(255) DEFAULT NULL,
  `fecha` time DEFAULT NULL,
  PRIMARY KEY (`id`),
  KEY `id_cliente` (`id_cliente`)
) ENGINE=InnoDB DEFAULT CHARSET=latin1;

-- --------------------------------------------------------

--
-- Estructura de tabla para la tabla `devol_proveedor`
--

DROP TABLE IF EXISTS `devol_proveedor`;
CREATE TABLE IF NOT EXISTS `devol_proveedor` (
  `id` int(255) NOT NULL AUTO_INCREMENT,
  `codigo` int(255) DEFAULT NULL,
  `id_proveedor` int(255) DEFAULT NULL,
  `num_factura` int(255) DEFAULT NULL,
  `productos` text,
  `valor` int(255) DEFAULT NULL,
  `iva` int(255) DEFAULT NULL,
  `costo` int(255) DEFAULT NULL,
  `fecha` time DEFAULT NULL,
  PRIMARY KEY (`id`),
  KEY `id_proveedor` (`id_proveedor`)
) ENGINE=InnoDB DEFAULT CHARSET=latin1;

-- --------------------------------------------------------

--
-- Estructura de tabla para la tabla `gastos`
--

DROP TABLE IF EXISTS `gastos`;
CREATE TABLE IF NOT EXISTS `gastos` (
  `id` int(11) NOT NULL AUTO_INCREMENT,
  `fecha` text COLLATE utf8_spanish_ci NOT NULL,
  `descripcion` text COLLATE utf8_spanish_ci NOT NULL,
  `valor` int(11) NOT NULL,
  PRIMARY KEY (`id`)
) ENGINE=MyISAM DEFAULT CHARSET=utf8 COLLATE=utf8_spanish_ci;

-- --------------------------------------------------------

--
-- Estructura de tabla para la tabla `impuesto`
--

DROP TABLE IF EXISTS `impuesto`;
CREATE TABLE IF NOT EXISTS `impuesto` (
  `id` int(255) NOT NULL AUTO_INCREMENT,
  `nombre` varchar(255) DEFAULT NULL,
  `porcentaje` int(255) DEFAULT NULL,
  PRIMARY KEY (`id`)
) ENGINE=InnoDB AUTO_INCREMENT=4 DEFAULT CHARSET=latin1;

--
-- Volcado de datos para la tabla `impuesto`
--

INSERT INTO `impuesto` (`id`, `nombre`, `porcentaje`) VALUES
(1, 'iva del 19%', 19),
(2, 'exceptos de  impuestos', 0),
(3, '5% de iva', 5);

-- --------------------------------------------------------

--
-- Estructura de tabla para la tabla `intereses`
--

DROP TABLE IF EXISTS `intereses`;
CREATE TABLE IF NOT EXISTS `intereses` (
  `id` int(11) NOT NULL AUTO_INCREMENT,
  `descripcion` varchar(255) NOT NULL,
  `porcentaje` float NOT NULL,
  PRIMARY KEY (`id`)
) ENGINE=MyISAM AUTO_INCREMENT=9 DEFAULT CHARSET=latin1;

--
-- Volcado de datos para la tabla `intereses`
--

INSERT INTO `intereses` (`id`, `descripcion`, `porcentaje`) VALUES
(1, '2.2 % de interes por mora', 2.2),
(2, '3.0 % de interes por mora', 3),
(3, '3.5 % de interes por mora', 3.5),
(4, '4.0 % de interes por mora', 4);

-- --------------------------------------------------------

--
-- Estructura de tabla para la tabla `mesa`
--

DROP TABLE IF EXISTS `mesa`;
CREATE TABLE IF NOT EXISTS `mesa` (
  `id_mesa` int(11) NOT NULL AUTO_INCREMENT,
  `nombre` text COLLATE utf8_spanish_ci NOT NULL,
  PRIMARY KEY (`id_mesa`)
) ENGINE=MyISAM AUTO_INCREMENT=4 DEFAULT CHARSET=utf8 COLLATE=utf8_spanish_ci;

--
-- Volcado de datos para la tabla `mesa`
--

INSERT INTO `mesa` (`id_mesa`, `nombre`) VALUES
(1, 'Mesa NÂ°1'),
(2, 'Mesa NÂ°2'),
(3, 'Mesa NÂ°3');

-- --------------------------------------------------------

--
-- Estructura de tabla para la tabla `nota_credito`
--

DROP TABLE IF EXISTS `nota_credito`;
CREATE TABLE IF NOT EXISTS `nota_credito` (
  `id` int(255) NOT NULL AUTO_INCREMENT,
  `codigo` int(255) DEFAULT NULL,
  `fecha` time DEFAULT NULL,
  `nombre` varchar(255) DEFAULT NULL,
  `nit` varchar(255) DEFAULT NULL,
  `telefono` varchar(255) DEFAULT NULL,
  `direccion` varchar(255) DEFAULT NULL,
  `ciudad` varchar(255) DEFAULT NULL,
  `referencia` int(255) DEFAULT NULL,
  `factura` int(255) DEFAULT NULL,
  `cantidad` int(255) DEFAULT NULL,
  `precio` int(255) DEFAULT NULL,
  `precio_desc` int(255) DEFAULT NULL,
  `sub_total` int(255) DEFAULT NULL,
  `iva` int(255) DEFAULT NULL,
  `total` int(255) DEFAULT NULL,
  `valor_letra` text,
  PRIMARY KEY (`id`)
) ENGINE=InnoDB DEFAULT CHARSET=latin1;

-- --------------------------------------------------------

--
-- Estructura de tabla para la tabla `nota_debito`
--

DROP TABLE IF EXISTS `nota_debito`;
CREATE TABLE IF NOT EXISTS `nota_debito` (
  `id` int(255) NOT NULL AUTO_INCREMENT,
  `codigo` int(255) DEFAULT NULL,
  `fecha` time DEFAULT NULL,
  `nombre` varchar(255) DEFAULT NULL,
  `nit` varchar(255) DEFAULT NULL,
  `telefono` varchar(255) DEFAULT NULL,
  `direccion` varchar(255) DEFAULT NULL,
  `ciudad` varchar(255) DEFAULT NULL,
  `referencia` int(255) DEFAULT NULL,
  `factura` int(255) DEFAULT NULL,
  `cantidad` int(255) DEFAULT NULL,
  `precio` int(255) DEFAULT NULL,
  `precio_desc` int(255) DEFAULT NULL,
  `sub_total` int(255) DEFAULT NULL,
  `iva` int(255) DEFAULT NULL,
  `total` int(255) DEFAULT NULL,
  `valor_letra` text,
  PRIMARY KEY (`id`)
) ENGINE=InnoDB DEFAULT CHARSET=latin1;

-- --------------------------------------------------------

--
-- Estructura de tabla para la tabla `parametros`
--

DROP TABLE IF EXISTS `parametros`;
CREATE TABLE IF NOT EXISTS `parametros` (
  `id` int(255) NOT NULL AUTO_INCREMENT,
  `num_inicio_factura` int(255) DEFAULT NULL,
  `resolucion_dian` text,
  `impuesto_ventas` int(255) DEFAULT NULL,
  `iva_incluido` int(255) DEFAULT NULL,
  `num_nota_credito` int(255) DEFAULT NULL,
  `num_nota_debito` int(255) DEFAULT NULL,
  `id_iva` int(255) DEFAULT NULL,
  `id_retefuente_compra` int(255) DEFAULT NULL,
  `generar_codigo` int(11) NOT NULL,
  `codigo_prod` int(11) NOT NULL,
  PRIMARY KEY (`id`)
) ENGINE=InnoDB AUTO_INCREMENT=2 DEFAULT CHARSET=latin1;

--
-- Volcado de datos para la tabla `parametros`
--

INSERT INTO `parametros` (`id`, `num_inicio_factura`, `resolucion_dian`, `impuesto_ventas`, `iva_incluido`, `num_nota_credito`, `num_nota_debito`, `id_iva`, `id_retefuente_compra`, `generar_codigo`, `codigo_prod`) VALUES
(1, 1000, '648646000454', 19, 1, 1, 1, 1, 1, 1, 1000);

-- --------------------------------------------------------

--
-- Estructura de tabla para la tabla `pedido`
--

DROP TABLE IF EXISTS `pedido`;
CREATE TABLE IF NOT EXISTS `pedido` (
  `id` int(11) NOT NULL AUTO_INCREMENT,
  `codigo` int(255) DEFAULT NULL,
  `fecha` date DEFAULT NULL,
  `hora` time NOT NULL,
  `tipo` int(255) DEFAULT NULL,
  `id_plazo` int(255) DEFAULT NULL,
  `fecha_vencimiento` date DEFAULT NULL,
  `id_cliente` int(255) DEFAULT NULL,
  `detalle_venta` text,
  `sub_total` int(255) DEFAULT NULL,
  `iva` int(255) DEFAULT NULL,
  `total` int(255) DEFAULT NULL,
  `utilidad` int(255) DEFAULT NULL,
  PRIMARY KEY (`id`)
) ENGINE=InnoDB DEFAULT CHARSET=latin1;

-- --------------------------------------------------------

--
-- Estructura de tabla para la tabla `plandecuenta_puc`
--

DROP TABLE IF EXISTS `plandecuenta_puc`;
CREATE TABLE IF NOT EXISTS `plandecuenta_puc` (
  `id` int(11) NOT NULL AUTO_INCREMENT,
  `num_cuenta` int(11) NOT NULL,
  `descripcion` text NOT NULL,
  PRIMARY KEY (`id`)
) ENGINE=MyISAM AUTO_INCREMENT=2504 DEFAULT CHARSET=latin1;

--
-- Volcado de datos para la tabla `plandecuenta_puc`
--

INSERT INTO `plandecuenta_puc` (`id`, `num_cuenta`, `descripcion`) VALUES
(1, 1, 'ACTIVO'),
(2, 11, 'DISPONIBLE'),
(3, 1105, 'CAJA'),
(4, 110505, 'Caja general'),
(5, 110510, 'Cajas menores'),
(6, 110515, 'Moneda extranjera'),
(7, 1110, 'BANCOS'),
(8, 111005, 'Moneda nacional'),
(9, 111010, 'Moneda extranjera'),
(10, 1115, 'REMESAS EN TRÁNSITO'),
(11, 111505, 'Moneda nacional'),
(12, 111510, 'Moneda extranjera'),
(13, 1120, 'CUENTAS DE AHORRO'),
(14, 112005, 'Bancos'),
(15, 112010, 'Corporaciones de ahorro y vivienda'),
(16, 112015, 'Organismos cooperativos financieros'),
(17, 1125, 'FONDOS'),
(18, 112505, 'Rotatorios moneda nacional'),
(19, 112510, 'Rotatorios moneda extranjera'),
(20, 112515, 'Especiales moneda nacional'),
(21, 112520, 'Especiales moneda extranjera'),
(22, 112525, 'De amortización moneda nacional'),
(23, 112530, 'De amortización moneda extranjera'),
(24, 12, 'INVERSIONES'),
(25, 1205, 'ACCIONES'),
(26, 120505, 'Agricultura, ganadería, caza y silvicultura'),
(27, 120510, 'Pesca'),
(28, 120515, 'Explotación de minas y canteras'),
(29, 120520, 'Industria manufacturera'),
(30, 120525, 'Suministro de electricidad, gas y agua'),
(31, 120530, 'Construcción'),
(32, 120535, 'Comercio al por mayor y al por menor'),
(33, 120540, 'Hoteles y restaurantes'),
(34, 120545, 'Transporte, almacenamiento y comunicaciones'),
(35, 120550, 'Actividad financiera'),
(36, 120555, 'Actividades inmobiliar empresar y de alquiler'),
(37, 120560, 'Enseñanza'),
(38, 120565, 'Servicios sociales y de salud'),
(39, 120570, 'Otras activid. de servic com. soc. y personal'),
(40, 120599, 'Ajustes por inflación'),
(41, 1210, 'CUOTAS O PARTES DE INTERÉS SOCIAL'),
(42, 121005, 'Agricultura, ganadería, caza y silvicultura'),
(43, 121010, 'Pesca'),
(44, 121015, 'Explotación de minas y canteras'),
(45, 121020, 'Industria manufacturera'),
(46, 121025, 'Suministro de electricidad, gas y agua'),
(47, 121030, 'Construcción'),
(48, 121035, 'Comercio al por mayor y al por menor'),
(49, 121040, 'Hoteles y restaurantes'),
(50, 121045, 'Transporte, almacenamiento y comunicaciones'),
(51, 121050, 'Actividad financiera'),
(52, 121055, 'Actividades inmobiliar empresar y de alquiler'),
(53, 121060, 'Enseñanza'),
(54, 121065, 'Servicios sociales y de salud'),
(55, 121070, 'Otras activid. de servic com. soc. y personal'),
(56, 121099, 'Ajustes por inflación'),
(57, 1215, 'BONOS'),
(58, 121505, 'Bonos públicos moneda nacional'),
(59, 121510, 'Bonos públicos moneda extranjera'),
(60, 121515, 'Bonos ordinarios'),
(61, 121520, 'Bonos convertibles en acciones'),
(62, 121595, 'Otros'),
(63, 1220, 'CÉDULAS'),
(64, 122005, 'Cédulas de capitalización'),
(65, 122010, 'Cédulas hipotecarias'),
(66, 122015, 'Cédulas de inversión'),
(67, 122095, 'Otras'),
(68, 1225, 'CERTIFICADOS'),
(69, 122505, 'Certificados de depósito a término (CDT)'),
(70, 122510, 'Certificados de depósito de ahorro'),
(71, 122515, 'Certific. de ahorro de valor constante (CAVC)'),
(72, 122520, 'Certificados de cambio'),
(73, 122525, 'Certificados cafeteros valorizables'),
(74, 122530, 'Certificados eléctricos valorizables (CEV)'),
(75, 122535, 'Certificados de reembolso tributario (CERT)'),
(76, 122540, 'Certificados de desarrollo turístico'),
(77, 122545, 'Certificados de inversión forestal (CIF)'),
(78, 122595, 'Otros'),
(79, 1230, 'PAPELES COMERCIALES'),
(80, 123005, 'Empresas comerciales'),
(81, 123010, 'Empresas industriales'),
(82, 123015, 'Empresas de servicios'),
(83, 1235, 'TÍTULOS'),
(84, 123505, 'Títulos de desarrollo agropecuario'),
(85, 123510, 'Títulos canjeables por Certificados de cambio'),
(86, 123515, 'Títulos de tesorería (TES)'),
(87, 123520, 'Títulos de participación'),
(88, 123525, 'Títulos de crédito de fomento'),
(89, 123530, 'Títulos financieros agroindustriales (TFA)'),
(90, 123535, 'Títulos de ahorro cafetero (TAC)'),
(91, 123540, 'Títulos de ahorro nacional (TAN)'),
(92, 123545, 'Títulos energéticos rentabil. Creciente (TER)'),
(93, 123550, 'Títulos de ahorro educativo (TAE)'),
(94, 123555, 'Títulos financieros industriales y comerc/les'),
(95, 123560, 'Tesoros'),
(96, 123565, 'Títulos de devolución de imptos nales (TIDIS)'),
(97, 123570, 'Títulos inmobiliarios'),
(98, 123595, 'Otros'),
(99, 1240, 'ACEPTACIONES BANCARIAS O FINANCIERAS'),
(100, 124005, 'Bancos comerciales'),
(101, 124010, 'Compañías de financiamiento comercial'),
(102, 124015, 'Corporaciones financieras'),
(103, 124095, 'Otras'),
(104, 1245, 'DERECHOS FIDUCIARIOS'),
(105, 124505, 'Fideicomisos de inversión moneda nacional'),
(106, 124510, 'Fideicomisos de inversión moneda extranjera'),
(107, 1250, 'DERECHOS DE RECOMPRA DE INVERS.NEGOC.('),
(108, 125005, 'Acciones'),
(109, 125010, 'Cuotas o partes de interés social'),
(110, 125015, 'Bonos'),
(111, 125020, 'Cédulas'),
(112, 125025, 'Certificados'),
(113, 125030, 'Papeles comerciales'),
(114, 125035, 'Títulos'),
(115, 125040, 'Aceptaciones bancarias o financieras'),
(116, 125095, 'Otros'),
(117, 125099, 'Ajustes por inflación'),
(118, 1255, 'OBLIGATORIAS'),
(119, 125505, 'Bonos de financiamiento especial'),
(120, 125510, 'Bonos de financiamiento presupuestal'),
(121, 125515, 'Bonos para desarr soc/l y segur.interna(BDSI)'),
(122, 125595, 'Otras'),
(123, 1260, 'CUENTAS EN PARTICIPACIÓN'),
(124, 126099, 'Ajustes por inflación'),
(125, 1295, 'OTRAS INVERSIONES'),
(126, 129505, 'Aportes en cooperativas'),
(127, 129510, 'Derechos en clubes sociales'),
(128, 129515, 'Acciones o derechos en clubes deportivos'),
(129, 129520, 'Bonos en colegios'),
(130, 129595, 'Diversas'),
(131, 129599, 'Ajustes por inflación'),
(132, 1299, 'PROVISIONES'),
(133, 129905, 'Acciones'),
(134, 129910, 'Cuotas o partes de interés social'),
(135, 129915, 'Bonos'),
(136, 129920, 'Cédulas'),
(137, 129925, 'Certificados'),
(138, 129930, 'Papeles comerciales'),
(139, 129935, 'Títulos'),
(140, 129940, 'Aceptaciones bancarias o financieras'),
(141, 129945, 'Derechos fiduciarios'),
(142, 129950, 'Derechos de recompra de inversiones negociada'),
(143, 129955, 'Obligatorias'),
(144, 129960, 'Cuentas en participación'),
(145, 129995, 'Otras inversiones'),
(146, 13, 'DEUDORES'),
(147, 1305, 'CLIENTES'),
(148, 130505, 'Nacionales'),
(149, 130510, 'Del exterior'),
(150, 130515, 'Deudores del sistema'),
(151, 1310, 'CUENTAS CORRIENTES COMERCIALES'),
(152, 131005, 'Casa matriz'),
(153, 131010, 'Compañías vinculadas'),
(154, 131015, 'Accionistas o socios'),
(155, 131020, 'Particulares'),
(156, 131095, 'Otras'),
(157, 1315, 'CUENTAS POR COBRAR A CASA MATRIZ'),
(158, 131505, 'Ventas'),
(159, 131510, 'Pagos a nombre de casa matriz'),
(160, 131515, 'Valores recibidos por casa matriz'),
(161, 131520, 'Préstamos'),
(162, 1320, 'CUENTAS POR COBRAR A VINCULADOS ECONÓ'),
(163, 132005, 'Filiales'),
(164, 132010, 'Subsidiarias'),
(165, 132015, 'Sucursales'),
(166, 1323, 'CUENTAS POR COBRAR A DIRECTORES'),
(167, 1325, 'CUENTAS POR COBRAR A SOCIOS Y ACCIONIST'),
(168, 132505, 'A socios'),
(169, 132510, 'A accionistas'),
(170, 1328, 'APORTES POR COBRAR'),
(171, 1330, 'ANTICIPOS Y AVANCES'),
(172, 133005, 'A proveedores'),
(173, 133010, 'A contratistas'),
(174, 133015, 'A trabajadores'),
(175, 133020, 'A agentes'),
(176, 133025, 'A concesionarios'),
(177, 133030, 'De adjudicaciones'),
(178, 133095, 'Otros'),
(179, 133099, 'Ajustes por inflación'),
(180, 1332, 'CUENTAS DE OPERACIÓN CONJUNTA'),
(181, 1335, 'DEPÓSITOS'),
(182, 133505, 'Para importaciones'),
(183, 133510, 'Para servicios'),
(184, 133515, 'Para contratos'),
(185, 133520, 'Para responsabilidades'),
(186, 133525, 'Para juicios ejecutivos'),
(187, 133530, 'Para adquisic. de acciones,cuotas o der. Soc.'),
(188, 133535, 'En garantía'),
(189, 133595, 'Otros'),
(190, 1340, 'PROMESAS DE COMPRA VENTA'),
(191, 134005, 'De bienes raíces'),
(192, 134010, 'De maquinaria y equipo'),
(193, 134015, 'De flota y equipo de transporte'),
(194, 134020, 'De flota y equipo aéreo'),
(195, 134025, 'De flota y equipo férreo'),
(196, 134030, 'De flota y equipo fluvial y/o marítimo'),
(197, 134035, 'De semovientes'),
(198, 134095, 'De otros bienes'),
(199, 1345, 'INGRESOS POR COBRAR'),
(200, 134505, 'Dividendos y/o participaciones'),
(201, 134510, 'Intereses'),
(202, 134515, 'Comisiones'),
(203, 134520, 'Honorarios'),
(204, 134525, 'Servicios'),
(205, 134530, 'Arrendamientos'),
(206, 134535, 'CERT por cobrar'),
(207, 134595, 'Otros'),
(208, 1350, 'RETENCIÓN SOBRE CONTRATOS'),
(209, 135005, 'De construcción'),
(210, 135010, 'De prestación de servicios'),
(211, 135095, 'Otros'),
(212, 1355, 'ANTIC DE IMPTOS Y CONTRIBUC. O SALDOS A FA'),
(213, 135505, 'Anticipo de impuestos de renta y complementar'),
(214, 135510, 'Anticipo de impuestos de industria y comercio'),
(215, 135515, 'Retención en la fuente'),
(216, 135517, 'Impuesto a las ventas retenido'),
(217, 135518, 'Impuesto de industria y comercio retenido'),
(218, 135520, 'Sobrantes en liquidación privada de impuestos'),
(219, 135525, 'Contribuciones'),
(220, 135530, 'Impuestos descontables'),
(221, 135595, 'Otros'),
(222, 1360, 'RECLAMACIONES'),
(223, 136005, 'A compañías aseguradoras'),
(224, 136010, 'A transportadores'),
(225, 136015, 'Por tiquetes aéreos'),
(226, 136095, 'Otras'),
(227, 1365, 'CUENTAS POR COBRAR A TRABAJADORES'),
(228, 136505, 'Vivienda'),
(229, 136510, 'Vehículos'),
(230, 136515, 'Educación'),
(231, 136520, 'Médicos, odontológicos y similares'),
(232, 136525, 'Calamidad doméstica'),
(233, 136530, 'Responsabilidades'),
(234, 136595, 'Otros'),
(235, 1370, 'PRÉSTAMOS A PARTICULARES'),
(236, 137005, 'Con garantía real'),
(237, 137010, 'Con garantía personal'),
(238, 1380, 'DEUDORES VARIOS'),
(239, 138005, 'Depositarios'),
(240, 138010, 'Comisionistas de bolsas'),
(241, 138015, 'Fondo de inversión'),
(242, 138020, 'Cuentas por cobrar de terceros'),
(243, 138025, 'Pagos por cuenta de terceros'),
(244, 138030, 'Fondos de inversión social'),
(245, 138095, 'Otros'),
(246, 1385, 'DERECHOS DE RECOMPRA DE CARTERA NEGOC'),
(247, 1390, 'DEUDAS DE DIFÍCIL COBRO'),
(248, 1399, 'PROVISIONES'),
(249, 139905, 'Clientes'),
(250, 139910, 'Cuentas corrientes comerciales'),
(251, 139915, 'Cuentas por cobrar a casa matriz'),
(252, 139920, 'Cuentas por cobrar a vinculados económicos'),
(253, 139925, 'Cuentas por cobrar a socios y accionistas'),
(254, 139930, 'Anticipos y avances'),
(255, 139932, 'Cuentas de operación conjunta'),
(256, 139935, 'Depósitos'),
(257, 139940, 'Promesas de compraventa'),
(258, 139945, 'Ingresos por cobrar'),
(259, 139950, 'Retención sobre contratos'),
(260, 139955, 'Reclamaciones'),
(261, 139960, 'Cuentas por cobrar a trabajadores'),
(262, 139965, 'Préstamos a particulares'),
(263, 139975, 'Deudores varios'),
(264, 139980, 'Derechos de recompra de cartera negociada'),
(265, 14, 'INVENTARIOS'),
(266, 1405, 'MATERIAS PRIMAS'),
(267, 140599, '*Ajustes por inflación'),
(268, 1410, 'PRODUCTOS EN PROCESO'),
(269, 141099, '*Ajustes por inflación'),
(270, 1415, 'OBRAS DE CONSTRUCCIÓN EN CURSO'),
(271, 141599, '*Ajustes por inflación'),
(272, 1417, 'OBRAS DE URBANISMO'),
(273, 141799, '*Ajustes por inflación'),
(274, 1420, 'CONTRATOS EN EJECUCIÓN'),
(275, 142099, '*Ajustes por inflación'),
(276, 1425, 'CULTIVOS EN DESARROLLO'),
(277, 142599, '*Ajustes por inflación'),
(278, 1428, 'PLANTACIONES AGRÍCOLAS'),
(279, 142899, '*Ajustes por inflación'),
(280, 1430, 'PRODUCTOS TERMINADOS'),
(281, 143005, 'Productos manufacturados'),
(282, 143010, 'Productos extraídos y/o procesados'),
(283, 143015, 'Productos agrícolas y forestales'),
(284, 143020, 'Subproductos'),
(285, 143025, 'Productos de pesca'),
(286, 143099, '*Ajustes por inflación'),
(287, 1435, 'MERCANCÍAS NO FABRICADAS POR LA EMPRES'),
(288, 143599, '*Ajustes por inflación'),
(289, 1440, 'BIENES RAÍCES PARA LA VENTA'),
(290, 144099, '*Ajustes por inflación'),
(291, 1445, 'SEMOVIENTES'),
(292, 144599, '*Ajustes por inflación'),
(293, 1450, 'TERRENOS'),
(294, 145005, 'Por urbanizar'),
(295, 145010, 'Urbanizados por construir'),
(296, 145099, '*Ajustes por inflación'),
(297, 1455, 'MATERIALES, REPUESTOS Y ACCESORIOS'),
(298, 145599, '*Ajustes por inflación'),
(299, 1460, 'ENVASES Y EMPAQUES'),
(300, 146099, '*Ajustes por inflación'),
(301, 1465, 'INVENTARIOS EN TRÁNSITO'),
(302, 146599, '*Ajustes por inflación'),
(303, 1499, 'PROVISIONES'),
(304, 149905, 'Para obsolescencia'),
(305, 149910, 'Para diferencia de inventario físico'),
(306, 149915, 'Para pérdidas de inventarios'),
(307, 149920, 'Lifo'),
(308, 15, 'PROPIEDADES, PLANTA Y EQUIPO'),
(309, 1504, 'TERRENOS'),
(310, 150405, 'Urbanos'),
(311, 150410, 'Rurales'),
(312, 150499, 'Ajustes por inflación'),
(313, 1506, 'MATERIALES PROYECTOS PETROLEROS'),
(314, 150605, 'Tuberías y equipo'),
(315, 150610, 'Costos de importación materiales'),
(316, 150615, 'Proyectos de construcción'),
(317, 150699, 'Ajustes por inflación'),
(318, 1508, 'CONSTRUCCIONES EN CURSO'),
(319, 150805, 'Construcciones y edificaciones'),
(320, 150810, 'Acueductos, plantas y redes'),
(321, 150815, 'Vías de comunicación'),
(322, 150820, 'Pozos artesianos'),
(323, 150825, 'Proyectos de exploración'),
(324, 150830, 'Proyectos de desarrollo'),
(325, 150899, 'Ajustes por inflación'),
(326, 1512, 'MAQUINARIA Y EQUIPOS EN MONTAJE'),
(327, 151205, 'Maquinaria y equipo'),
(328, 151210, 'Equipo de oficina'),
(329, 151215, 'Equipo de computación y comunicación'),
(330, 151220, 'Equipo médico-científico'),
(331, 151225, 'Equipo de hoteles y restaurantes'),
(332, 151230, 'Flota y equipo de transporte'),
(333, 151235, 'Flota y equipo fluvial y/o marítimo'),
(334, 151240, 'Flota y equipo aéreo'),
(335, 151245, 'Flota y equipo férreo'),
(336, 151250, 'Plantas y redes'),
(337, 151299, 'Ajustes por inflación'),
(338, 1516, 'CONSTRUCCIONES Y EDIFICACIONES'),
(339, 151605, 'Edificios'),
(340, 151610, 'Oficinas'),
(341, 151615, 'Almacenes'),
(342, 151620, 'Fábricas y plantas industriales'),
(343, 151625, 'Salas de exhibición y ventas'),
(344, 151630, 'Cafetería y casinos'),
(345, 151635, 'Silos'),
(346, 151640, 'Invernaderos'),
(347, 151645, 'Casetas y campamentos'),
(348, 151650, 'Instalaciones agropecuarias'),
(349, 151655, 'Viviendas para empleados y obreros'),
(350, 151660, 'Terminal de buses y taxis'),
(351, 151663, 'Terminal marítimo'),
(352, 151665, 'Terminal férreo'),
(353, 151670, 'Parqueaderos garajes y depósitos'),
(354, 151675, 'Hangares'),
(355, 151680, 'Bodegas'),
(356, 151695, 'Otros'),
(357, 151699, 'Ajustes por inflación'),
(358, 1520, 'MAQUINARIA Y EQUIPO'),
(359, 152099, 'Ajustes por inflación'),
(360, 1524, 'EQUIPO DE OFICINA'),
(361, 152405, 'Muebles y enseres'),
(362, 152410, 'Equipos'),
(363, 152495, 'Otros'),
(364, 152499, 'Ajustes por inflación'),
(365, 1528, 'EQUIPO DE COMPUTACIÓN Y COMUNICACIÓN'),
(366, 152805, 'Equipos de procesamiento de datos'),
(367, 152810, 'Equipos de telecomunicaciones'),
(368, 152815, 'Equipos de radio'),
(369, 152820, 'Satélites y antenas'),
(370, 152825, 'Líneas telefónicas'),
(371, 152895, 'Otros'),
(372, 152899, 'Ajustes por inflación'),
(373, 1532, 'EQUIPO MÉDICO-CIENTÍFICO'),
(374, 153205, 'Médico'),
(375, 153210, 'Odontológico'),
(376, 153215, 'Laboratorio'),
(377, 153220, 'Instrumental'),
(378, 153295, 'Otros'),
(379, 153299, 'Ajustes por inflación'),
(380, 1536, 'EQUIPO DE HOTELES Y RESTAURANTES'),
(381, 153605, 'De habitaciones'),
(382, 153610, 'De comestibles y bebidas'),
(383, 153695, 'Otros'),
(384, 153699, 'Ajustes por inflación'),
(385, 1540, 'FLOTA Y EQUIPO DE TRANSPORTE'),
(386, 154005, 'Autos, camionetas y camperos'),
(387, 154008, 'Camiones, volquetas y furgones'),
(388, 154010, 'Tractomulas y remolques'),
(389, 154015, 'Buses y busetas'),
(390, 154017, 'Recolectores y contenedores'),
(391, 154020, 'Montacargas'),
(392, 154025, 'Palas y grúas'),
(393, 154030, 'Motocicletas'),
(394, 154035, 'Bicicletas'),
(395, 154040, 'Estibas y carretas'),
(396, 154045, 'Bandas transportadoras'),
(397, 154095, 'Otros'),
(398, 154099, 'Ajustes por inflación'),
(399, 1544, 'FLOTA Y EQUIPO FLUVIAL Y/O MARÍTIMO'),
(400, 154405, 'Buques'),
(401, 154410, 'Lanchas'),
(402, 154415, 'Remolcadoras'),
(403, 154420, 'Botes'),
(404, 154425, 'Boyas'),
(405, 154430, 'Amarres'),
(406, 154435, 'Contenedores y chasises'),
(407, 154440, 'Gabarras'),
(408, 154495, 'Otros'),
(409, 154499, 'Ajustes por inflación'),
(410, 1548, 'FLOTA Y EQUIPO AÉREO'),
(411, 154805, 'Aviones'),
(412, 154810, 'Avionetas'),
(413, 154815, 'Helicópteros'),
(414, 154820, 'Turbinas y motores'),
(415, 154825, 'Manuales de entrenamiento personal técnico'),
(416, 154830, 'Equipos de vuelo'),
(417, 154895, 'Otros'),
(418, 154899, 'Ajustes por inflación'),
(419, 1552, 'FLOTA Y EQUIPO FÉRREO'),
(420, 155205, 'Locomotoras'),
(421, 155210, 'Vagones'),
(422, 155215, 'Redes férreas'),
(423, 155295, 'Otros'),
(424, 155299, 'Ajustes por inflación'),
(425, 1556, 'ACUEDUCTOS, PLANTAS Y REDES'),
(426, 155605, 'Instalaciones para agua y energía'),
(427, 155610, 'Acueducto, acequias y canalizaciones'),
(428, 155615, 'Plantas de generación hidráulica'),
(429, 155620, 'Plantas de generación térmica'),
(430, 155625, 'Plantas de generación a gas'),
(431, 155628, 'Plantas de generac. diesel, gasolina y petrol'),
(432, 155630, 'Plantas de distribución'),
(433, 155635, 'Plantas de transmisión y subestaciones'),
(434, 155640, 'Oleoductos'),
(435, 155645, 'Gasoductos'),
(436, 155647, 'Poliductos'),
(437, 155650, 'Redes de distribución'),
(438, 155655, 'Plantas de tratamiento'),
(439, 155660, 'Redes de recolección de aguas negras'),
(440, 155665, 'Instalaciones y equipo de bombeo'),
(441, 155670, 'Redes de distribución de vapor'),
(442, 155675, 'Redes de aire'),
(443, 155680, 'Redes alimentación de gas'),
(444, 155682, 'Redes externas de telefonía'),
(445, 155685, 'Plantas deshidratadoras'),
(446, 155695, 'Otros'),
(447, 155699, 'Ajustes por inflación'),
(448, 1560, 'ARMAMENTO DE VIGILANCIA'),
(449, 156099, 'Ajustes por inflación'),
(450, 1562, 'ENVASES Y EMPAQUES'),
(451, 156299, 'Ajustes por inflación'),
(452, 1564, 'PLANTACIONES AGRÍCOLAS Y FORESTALES'),
(453, 156405, 'Cultivos en desarrollo'),
(454, 156410, 'Cultivos amortizables'),
(455, 156499, 'Ajustes por inflación'),
(456, 1568, 'VÍAS DE COMUNICACIÓN'),
(457, 156805, 'Pavimentación y patios'),
(458, 156810, 'Vías'),
(459, 156815, 'Puentes'),
(460, 156820, 'Calles'),
(461, 156825, 'Aeródromos'),
(462, 156895, 'Otros'),
(463, 156899, 'Ajustes por inflación'),
(464, 1572, 'MINAS Y CANTERAS'),
(465, 157205, 'Minas'),
(466, 157210, 'Canteras'),
(467, 157299, 'Ajustes por inflación'),
(468, 1576, 'POZOS ARTESIANOS'),
(469, 157699, 'Ajustes por inflación'),
(470, 1580, 'YACIMIENTOS'),
(471, 158099, 'Ajustes por inflación'),
(472, 1584, 'SEMOVIENTES'),
(473, 158499, 'Ajustes por inflación'),
(474, 1588, 'PROPIEDADES, PLANTA Y EQUIPO EN TRÁNSITO'),
(475, 158805, 'Maquinaria y equipo'),
(476, 158810, 'Equipo de oficina'),
(477, 158815, 'Equipo de computación y comunicación'),
(478, 158820, 'Equipo médico-científico'),
(479, 158825, 'Equipo de hoteles y restaurantes'),
(480, 158830, 'Flota y equipo de transporte'),
(481, 158835, 'Flota y equipo fluvial y/o marítimo'),
(482, 158840, 'Flota y equipo aéreo'),
(483, 158845, 'Flota y equipo férreo'),
(484, 158850, 'Plantas y redes'),
(485, 158855, 'Armamento de vigilancia'),
(486, 158860, 'Semovientes'),
(487, 158865, 'Envases y empaques'),
(488, 158899, 'Ajustes por inflación'),
(489, 1592, 'DEPRECIACIÓN ACUMULADA'),
(490, 159205, 'Construcciones y edificaciones'),
(491, 159210, 'Maquinaria y equipo'),
(492, 159215, 'Equipo de oficina'),
(493, 159220, 'Equipo de computación y comunicación'),
(494, 159225, 'Equipo médico-científico'),
(495, 159230, 'Equipo de hoteles y restaurantes'),
(496, 159235, 'Flota y equipo de transporte'),
(497, 159240, 'Flota y equipo fluvial y/o marítimo'),
(498, 159245, 'Flota y equipo aéreo'),
(499, 159250, 'Flota y equipo férreo'),
(500, 159255, 'Acueductos, plantas y redes'),
(501, 159260, 'Armamento de vigilancia'),
(502, 159265, 'Envases y empaques'),
(503, 159299, 'Ajustes por inflación'),
(504, 1596, 'DEPRECIACIÓN DIFERIDA'),
(505, 159605, 'Exceso fiscal sobre la contable'),
(506, 159610, 'Defecto fiscal sobre la contable (CR)'),
(507, 159699, 'Ajustes por inflación'),
(508, 1597, 'AMORTIZACIÓN ACUMULADA'),
(509, 159705, 'Plantaciones agrícolas y forestales'),
(510, 159710, 'Vías de comunicación'),
(511, 159715, 'Semovientes'),
(512, 159799, 'Ajustes por inflación'),
(513, 1598, 'AGOTAMIENTO ACUMULADO'),
(514, 159805, 'Minas y canteras'),
(515, 159815, 'Pozos artesianos'),
(516, 159820, 'Yacimientos'),
(517, 159899, 'Ajustes por inflación'),
(518, 1599, 'PROVISIONES'),
(519, 159904, 'Terrenos'),
(520, 159906, 'Materiales proyectos petroleros'),
(521, 159908, 'Construcciones en curso'),
(522, 159912, 'Maquinaria en montaje'),
(523, 159916, 'Construcciones y edificaciones'),
(524, 159920, 'Maquinaria y equipo'),
(525, 159924, 'Equipo de oficina'),
(526, 159928, 'Equipo de computación y comunicación'),
(527, 159932, 'Equipo médico-científico'),
(528, 159936, 'Equipo de hoteles y restaurantes'),
(529, 159940, 'Flota y equipo de transporte'),
(530, 159944, 'Flota y equipo fluvial y/o marítimo'),
(531, 159948, 'Flota y equipo aéreo'),
(532, 159952, 'Flota y equipo férreo'),
(533, 159956, 'Acueductos, plantas y redes'),
(534, 159960, 'Armamento de vigilancia'),
(535, 159962, 'Envases y empaques'),
(536, 159964, 'Plantaciones agrícolas y forestales'),
(537, 159968, 'Vías de comunicación'),
(538, 159972, 'Minas y canteras'),
(539, 159980, 'Pozos artesianos'),
(540, 159984, 'Yacimientos'),
(541, 159988, 'Semovientes'),
(542, 159992, 'Propiedades, planta y equipo en tránsito'),
(543, 16, 'INTANGIBLES'),
(544, 1605, 'CRÉDITO MERCANTIL'),
(545, 160505, 'Formado o estimado'),
(546, 160510, 'Adquirido o comprado'),
(547, 160599, 'Ajustes por inflación'),
(548, 1610, 'MARCAS'),
(549, 161005, 'Adquiridas'),
(550, 161010, 'Formadas'),
(551, 161099, 'Ajustes por inflación'),
(552, 1615, 'PATENTES'),
(553, 161505, 'Adquiridas'),
(554, 161510, 'Formadas'),
(555, 161599, 'Ajustes por inflación'),
(556, 1620, 'CONCESIONES Y FRANQUICIAS'),
(557, 162005, 'Concesiones'),
(558, 162010, 'Franquicias'),
(559, 162099, 'Ajustes por inflación'),
(560, 1625, 'DERECHOS'),
(561, 162505, 'Derechos de autor'),
(562, 162510, 'Puesto de bolsa'),
(563, 162515, 'En fideicomisos inmobiliarios'),
(564, 162520, 'En fideicomisos de garantía'),
(565, 162525, 'En fideicomisos de administración'),
(566, 162530, 'De exhibición - películas'),
(567, 162535, 'En bienes recib en arrendto financ (leasing)'),
(568, 162595, 'Otros'),
(569, 162599, 'Ajustes por inflación'),
(570, 1630, 'KNOW HOW'),
(571, 163099, 'Ajustes por inflación'),
(572, 1635, 'LICENCIAS'),
(573, 163599, 'Ajustes por inflación'),
(574, 1698, 'DEPRECIACIÓN Y/O AMORTIZACIÓN ACUMULADA'),
(575, 169805, 'Crédito mercantil'),
(576, 169810, 'Marcas'),
(577, 169815, 'Patentes'),
(578, 169820, 'Concesiones y franquicias'),
(579, 169830, 'Derechos'),
(580, 169835, 'Know how'),
(581, 169840, 'Licencias'),
(582, 169899, 'Ajustes por inflación'),
(583, 1699, 'PROVISIONES'),
(584, 17, 'DIFERIDOS'),
(585, 1705, 'GASTOS PAGADOS POR ANTICIPADO'),
(586, 170505, 'Intereses'),
(587, 170510, 'Honorarios'),
(588, 170515, 'Comisiones'),
(589, 170520, 'Seguros y fianzas'),
(590, 170525, 'Arrendamientos'),
(591, 170530, 'Bodegajes'),
(592, 170535, 'Mantenimiento de equipo'),
(593, 170540, 'Servicios'),
(594, 170545, 'Suscripciones'),
(595, 170595, 'Otros'),
(596, 1710, 'CARGOS DIFERIDOS'),
(597, 171004, 'Organización y preoperativos'),
(598, 171008, 'Remodelaciones'),
(599, 171012, 'Estudios, investigaciones y proyectos'),
(600, 171016, 'Programas para computador (software)'),
(601, 171020, 'Útiles y papelería'),
(602, 171024, 'Mejoras a propiedades ajenas'),
(603, 171028, 'Contribuciones y afiliaciones'),
(604, 171032, 'Entrenamiento de personal'),
(605, 171036, 'Ferias y exposiciones'),
(606, 171040, 'Licencias'),
(607, 171044, 'Publicidad, propaganda y avisos'),
(608, 171048, 'Elementos de aseo y cafetería'),
(609, 171052, 'Moldes y troqueles'),
(610, 171056, 'Instrumental quirúrgico'),
(611, 171060, 'Dotación y suministro a trabajadores'),
(612, 171064, 'Elementos de ropería y lencería'),
(613, 171068, 'Loza y cristalería'),
(614, 171069, 'Platería'),
(615, 171070, 'Cubiertería'),
(616, 171076, 'Impto de renta dif \'\'deb\'\' por dif temporales'),
(617, 171080, 'Concursos y licitaciones'),
(618, 171095, 'Otros'),
(619, 171099, 'Ajustes por inflación'),
(620, 1715, 'COSTOS DE EXPLORACIÓN POR AMORTIZAR'),
(621, 171505, 'Pozos secos'),
(622, 171510, 'Pozos no comerciales'),
(623, 171515, 'Otros costos de exploración'),
(624, 171599, 'Ajustes por inflación'),
(625, 1720, 'COSTOS DE EXPLOTACIÓN Y DESARROLLO'),
(626, 172005, 'Perforación y explotación'),
(627, 172010, 'Perforaciones campos en desarrollo'),
(628, 172015, 'Facilidades de producción'),
(629, 172020, 'Servicios a pozos'),
(630, 172099, 'Ajustes por inflación'),
(631, 1730, 'CARGOS POR CORRECCIÓN MONETARIA DIFERI'),
(632, 1798, 'AMORTIZACIÓN ACUMULADA'),
(633, 179805, 'Costos de exploración por amortizar'),
(634, 179810, 'Costos de explotación y desarrollo'),
(635, 179899, 'Ajustes por inflación'),
(636, 18, 'OTROS ACTIVOS'),
(637, 1805, 'BIENES DE ARTE Y CULTURA'),
(638, 180505, 'Obras de arte'),
(639, 180510, 'Bibliotecas'),
(640, 180595, 'Otros'),
(641, 180599, 'Ajustes por inflación'),
(642, 1895, 'DIVERSOS'),
(643, 189505, 'Máquinas porteadoras'),
(644, 189510, 'Bienes entregados en comodato'),
(645, 189515, 'Amort acum de bienes entreg en comodato (CR)'),
(646, 189520, 'Bienes recibidos en pago'),
(647, 189525, 'Derechos sucesorales'),
(648, 189530, 'Estampillas'),
(649, 189595, 'Otros'),
(650, 189599, 'Ajustes por inflación'),
(651, 1899, 'PROVISIONES'),
(652, 189905, 'Bienes de arte y cultura'),
(653, 189995, 'Diversos'),
(654, 19, 'VALORIZACIONES'),
(655, 1905, 'DE INVERSIONES'),
(656, 190505, 'Acciones'),
(657, 190510, 'Cuotas o partes de interés social'),
(658, 190515, 'Derechos fiduciarios'),
(659, 1910, 'DE PROPIEDADES, PLANTA Y EQUIPO'),
(660, 191004, 'Terrenos'),
(661, 191006, 'Materiales proyectos petroleros'),
(662, 191008, 'Construcciones y edificaciones'),
(663, 191012, 'Maquinaria y equipo'),
(664, 191016, 'Equipo de oficina'),
(665, 191020, 'Equipo de computación y comunicación'),
(666, 191024, 'Equipo médico-científico'),
(667, 191028, 'Equipo de hoteles y restaurantes'),
(668, 191032, 'Flota y equipo de transporte'),
(669, 191036, 'Flota y equipo fluvial y/o marítimo'),
(670, 191040, 'Flota y equipo aéreo'),
(671, 191044, 'Flota y equipo férreo'),
(672, 191048, 'Acueductos, plantas y redes'),
(673, 191052, 'Armamento de vigilancia'),
(674, 191056, 'Envases y empaques'),
(675, 191060, 'Plantaciones agrícolas y forestales'),
(676, 191064, 'Vías de comunicación'),
(677, 191068, 'Minas y canteras'),
(678, 191072, 'Pozos artesianos'),
(679, 191076, 'Yacimientos'),
(680, 191080, 'Semovientes'),
(681, 1995, 'DE OTROS ACTIVOS'),
(682, 199505, 'Bienes de arte y cultura'),
(683, 199510, 'Bienes entregados en comodato'),
(684, 199515, 'Bienes recibidos en pago'),
(685, 199520, 'Inventarios de semovientes'),
(686, 2, 'PASIVO'),
(687, 21, 'OBLIGACIONES FINANCIERAS'),
(688, 2105, 'BANCOS NACIONALES'),
(689, 210505, 'Sobregiros'),
(690, 210510, 'Pagarés'),
(691, 210515, 'Cartas de crédito'),
(692, 210520, 'Aceptaciones bancarias'),
(693, 2110, 'BANCOS DEL EXTERIOR'),
(694, 211005, 'Sobregiros'),
(695, 211010, 'Pagarés'),
(696, 211015, 'Cartas de crédito'),
(697, 211020, 'Aceptaciones bancarias'),
(698, 2115, 'CORPORACIONES FINANCIERAS'),
(699, 211505, 'Pagarés'),
(700, 211510, 'Aceptaciones financieras'),
(701, 211515, 'Cartas de crédito'),
(702, 211520, 'Contratos de arrendam/to financiero (leasing)'),
(703, 2120, 'COMPAÑÍAS DE FINANCIAMIENTO COMERCIAL'),
(704, 212005, 'Pagarés'),
(705, 212010, 'Aceptaciones financieras'),
(706, 212020, 'Contratos de arrendam/to financiero (leasing)'),
(707, 2125, 'CORPORACIONES DE AHORRO Y VIVIENDA'),
(708, 212505, 'Sobregiros'),
(709, 212510, 'Pagarés'),
(710, 212515, 'Hipotecarias'),
(711, 2130, 'ENTIDADES FINANCIERAS DEL EXTERIOR'),
(712, 2135, 'COMPROMISOS DE RECOMPRA DE INVERS NEG'),
(713, 213505, 'Acciones'),
(714, 213510, 'Cuotas o partes de interés social'),
(715, 213515, 'Bonos'),
(716, 213520, 'Cédulas'),
(717, 213525, 'Certificados'),
(718, 213530, 'Papeles comerciales'),
(719, 213535, 'Títulos'),
(720, 213540, 'Aceptaciones bancarias o financieras'),
(721, 213595, 'Otros'),
(722, 2140, 'COMPROMISOS DE RECOMPRA DE CARTERA NE'),
(723, 2145, 'OBLIGACIONES GUBERNAMENTALES'),
(724, 214505, 'Gobierno nacional'),
(725, 214510, 'Entidades oficiales'),
(726, 2195, 'OTRAS OBLIGACIONES'),
(727, 219505, 'Particulares'),
(728, 219510, 'Compañías vinculadas'),
(729, 219515, 'Casa matriz'),
(730, 219520, 'Socios o accionistas'),
(731, 219525, 'Fondos y cooperativa'),
(732, 219530, 'Directores'),
(733, 219595, 'Otras'),
(734, 22, 'PROVEEDORES'),
(735, 2205, 'NACIONALES'),
(736, 2210, 'DEL EXTERIOR'),
(737, 2215, 'CUENTAS CORRIENTES COMERCIALES'),
(738, 2220, 'CASA MATRIZ'),
(739, 2225, 'COMPAÑÍAS VINCULADAS'),
(740, 23, 'CUENTAS POR PAGAR'),
(741, 2305, 'CUENTAS CORRIENTES COMERCIALES'),
(742, 2310, 'A CASA MATRIZ'),
(743, 2315, 'A COMPAÑÍAS VINCULADAS'),
(744, 2320, 'A CONTRATISTAS'),
(745, 2330, 'ÓRDENES DE COMPRA POR UTILIZAR'),
(746, 2335, 'COSTOS Y GASTOS POR PAGAR'),
(747, 233505, 'Gastos financieros'),
(748, 233510, 'Gastos legales'),
(749, 233515, 'Libros, suscripciones, periódicos y revistas'),
(750, 233520, 'Comisiones'),
(751, 233525, 'Honorarios'),
(752, 233530, 'Servicios técnicos'),
(753, 233535, 'Servicios de mantenimiento'),
(754, 233540, 'Arrendamientos'),
(755, 233545, 'Transportes, fletes y acarreos'),
(756, 233550, 'Servicios públicos'),
(757, 233555, 'Seguros'),
(758, 233560, 'Gastos de viaje'),
(759, 233565, 'Gastos de representac/n y relaciones públicas'),
(760, 233570, 'Servicios aduaneros'),
(761, 233595, 'Otros'),
(762, 2340, 'INSTALAMENTOS POR PAGAR'),
(763, 2345, 'ACREEDORES OFICIALES'),
(764, 2350, 'REGALÍAS POR PAGAR'),
(765, 2355, 'DEUDAS CON ACCIONISTAS O SOCIOS'),
(766, 235505, 'Accionistas'),
(767, 235510, 'Socios'),
(768, 2357, 'DEUDAS CON DIRECTORES'),
(769, 2360, 'DIVIDENDOS O PARTICIPACIONES POR PAGAR'),
(770, 236005, 'Dividendos'),
(771, 236010, 'Participaciones'),
(772, 2365, 'RETENCIÓN EN LA FUENTE'),
(773, 236505, 'Salarios y pagos laborales'),
(774, 236510, 'Dividendos y/o participaciones'),
(775, 236515, 'Honorarios'),
(776, 236520, 'Comisiones'),
(777, 236525, 'Servicios'),
(778, 236530, 'Arrendamientos'),
(779, 236535, 'Rendimientos financieros'),
(780, 236540, 'Compras'),
(781, 236545, 'Loterías, rifas, apuestas y similares'),
(782, 236550, 'Por pagos al exterior'),
(783, 236555, 'Por ingresos obtenidos en el exterior'),
(784, 236560, 'Enajenac. propied planta y equipo, person nat'),
(785, 236565, 'Por impuesto de timbre'),
(786, 236570, 'Otras retenciones y patrimonio'),
(787, 236575, 'Autorretenciones'),
(788, 2367, 'IMPUESTO A LAS VENTAS RETENIDO'),
(789, 2368, 'IMPUESTO DE INDUSTRIA Y COMERCIO RETENID'),
(790, 2370, 'RETENCIONES Y APORTES DE NÓMINA'),
(791, 237005, 'Aportes a entidades promotoras de salud EPS'),
(792, 237006, 'Aportes a administrador de riesgos profes ARP'),
(793, 237010, 'Aportes al ICBF, SENA y cajas de compensación'),
(794, 237015, 'Aportes al FIC'),
(795, 237025, 'Embargos judiciales'),
(796, 237030, 'Libranzas'),
(797, 237035, 'Sindicatos'),
(798, 237040, 'Cooperativas'),
(799, 237045, 'Fondos'),
(800, 237095, 'Otros'),
(801, 2375, 'CUOTAS POR DEVOLVER'),
(802, 2380, 'ACREEDORES VARIOS'),
(803, 238005, 'Depositarios'),
(804, 238010, 'Comisionistas de bolsas'),
(805, 238015, 'Sociedad administradora - fondos de inversión'),
(806, 238020, 'Reintegros por pagar'),
(807, 238025, 'Fondo de perseverancia'),
(808, 238030, 'Fondos de cesantías y/o pensiones'),
(809, 238035, 'Donaciones asignadas por pagar'),
(810, 238095, 'Otros'),
(811, 24, 'IMPUESTOS, GRAVÁMENES Y TASAS'),
(812, 2404, 'DE RENTA Y COMPLEMENTARIOS'),
(813, 240405, 'Vigencia fiscal corriente'),
(814, 240410, 'Vigencias fiscales anteriores'),
(815, 2408, 'IMPUESTO SOBRE LAS VENTAS POR PAGAR'),
(816, 2412, 'DE INDUSTRIA Y COMERCIO'),
(817, 241205, 'Vigencia fiscal corriente'),
(818, 241210, 'Vigencias fiscales anteriores'),
(819, 2416, 'A LA PROPIEDAD RAÍZ'),
(820, 2420, 'DERECHOS SOBRE INSTRUMENTOS PÚBLICOS'),
(821, 2424, 'DE VALORIZACIÓN'),
(822, 242405, 'Vigencia fiscal corriente'),
(823, 242410, 'Vigencias fiscales anteriores'),
(824, 2428, 'DE TURISMO'),
(825, 2432, 'TASA POR UTILIZACIÓN DE PUERTOS'),
(826, 2436, 'DE VEHÍCULOS'),
(827, 243605, 'Vigencia fiscal corriente'),
(828, 243610, 'Vigencias fiscales anteriores'),
(829, 2440, 'DE ESPECTÁCULOS PÚBLICOS'),
(830, 2444, 'DE HIDROCARBUROS Y MINAS'),
(831, 244405, 'De hidrocarburos'),
(832, 244410, 'De minas'),
(833, 2448, 'REGALÍAS E IMPTOS A LA PEQUEÑA Y MEDIANA'),
(834, 2452, 'A LAS EXPORTACIONES CAFETERAS'),
(835, 2456, 'A LAS IMPORTACIONES'),
(836, 2460, 'CUOTAS DE FOMENTO'),
(837, 2464, 'DE LICORES CERVEZAS Y CIGARRILLOS'),
(838, 246405, 'De licores'),
(839, 246410, 'De cervezas'),
(840, 246415, 'De cigarrillos'),
(841, 2468, 'AL SACRIFICIO DE GANADO'),
(842, 2472, 'AL AZAR Y JUEGOS'),
(843, 2476, 'GRAVÁMENES Y REGALÍAS POR UTILIZ DEL SUEL'),
(844, 2495, 'OTROS'),
(845, 25, 'OBLIGACIONES LABORALES'),
(846, 2505, 'SALARIOS POR PAGAR'),
(847, 2510, 'CESANTÍAS CONSOLIDADAS'),
(848, 251005, 'Ley laboral anterior'),
(849, 251010, 'Ley 50 de 1990 y normas posteriores'),
(850, 2515, 'INTERESES SOBRE CESANTÍAS'),
(851, 2520, 'PRIMA DE SERVICIOS'),
(852, 2525, 'VACACIONES CONSOLIDADAS'),
(853, 2530, 'PRESTACIONES EXTRALEGALES'),
(854, 253005, 'Primas'),
(855, 253010, 'Auxilios'),
(856, 253015, 'Dotación y suministro a trabajadores'),
(857, 253020, 'Bonificaciones'),
(858, 253025, 'Seguros'),
(859, 253095, 'Otras'),
(860, 2532, 'PENSIONES POR PAGAR'),
(861, 2535, 'CUOTAS PARTES PENSIONES DE JUBILACIÓN'),
(862, 2540, 'INDEMNIZACIONES LABORALES'),
(863, 26, 'PASIVOS ESTIMADOS Y PROVISIONES'),
(864, 2605, 'PARA COSTOS Y GASTOS'),
(865, 260505, 'Intereses'),
(866, 260510, 'Comisiones'),
(867, 260515, 'Honorarios'),
(868, 260520, 'Servicios técnicos'),
(869, 260525, 'Transportes, fletes y acarreos'),
(870, 260530, 'Gastos de viaje'),
(871, 260535, 'Servicios públicos'),
(872, 260540, 'Regalías'),
(873, 260545, 'Garantías'),
(874, 260550, 'Materiales y repuestos'),
(875, 260595, 'Otros'),
(876, 2610, 'PARA OBLIGACIONES LABORALES'),
(877, 261005, 'Cesantías'),
(878, 261010, 'Intereses sobre cesantías'),
(879, 261015, 'Vacaciones'),
(880, 261020, 'Prima de servicios'),
(881, 261025, 'Prestaciones extralegales'),
(882, 261030, 'Viáticos'),
(883, 261095, 'Otras'),
(884, 2615, 'PARA OBLIGACIONES FISCALES'),
(885, 261505, 'De renta y complementarios'),
(886, 261510, 'De industria y comercio'),
(887, 261515, 'Tasa por utilización de puertos'),
(888, 261520, 'De vehículos'),
(889, 261525, 'De hidrocarburos y minas'),
(890, 261595, 'Otros'),
(891, 2620, 'PENSIONES DE JUBILACIÓN'),
(892, 262005, 'Cálculo actuarial pensiones de jubilación'),
(893, 262010, 'Pensiones de jubilación por amortizar (DB)'),
(894, 2625, 'PARA OBRAS DE URBANISMO'),
(895, 262505, 'Acueducto y alcantarillado'),
(896, 262510, 'Energía eléctrica'),
(897, 262515, 'Teléfonos'),
(898, 262595, 'Otros'),
(899, 2630, 'PARA MANTENIMIENTO Y REPARACIONES'),
(900, 263005, 'Terrenos'),
(901, 263010, 'Construcciones y edificaciones'),
(902, 263015, 'Maquinaria y equipo'),
(903, 263020, 'Equipo de oficina'),
(904, 263025, 'Equipo de computación y comunicación'),
(905, 263030, 'Equipo médico-científico'),
(906, 263035, 'Equipo de hoteles y restaurantes'),
(907, 263040, 'Flota y equipo de transporte'),
(908, 263045, 'Flota y equipo fluvial y/o marítimo'),
(909, 263050, 'Flota y equipo aéreo'),
(910, 263055, 'Flota y equipo férreo'),
(911, 263060, 'Acueductos, plantas y redes'),
(912, 263065, 'Armamento de vigilancia'),
(913, 263070, 'Envases y empaques'),
(914, 263075, 'Plantaciones agrícolas y forestales'),
(915, 263080, 'Vías de comunicación'),
(916, 263085, 'Pozos artesianos'),
(917, 263095, 'Otros'),
(918, 2635, 'PARA CONTINGENCIAS'),
(919, 263505, 'Multas y sanciones autoridades administrativa'),
(920, 263510, 'Intereses por multas y sanciones'),
(921, 263515, 'Reclamos'),
(922, 263520, 'Laborales'),
(923, 263525, 'Civiles'),
(924, 263530, 'Penales'),
(925, 263535, 'Administrativos'),
(926, 263540, 'Comerciales'),
(927, 263595, 'Otras'),
(928, 2640, 'PARA OBLIGACIONES DE GARANTÍAS'),
(929, 2695, 'PROVISIONES DIVERSAS'),
(930, 269505, 'Para beneficencia'),
(931, 269510, 'Para comunicaciones'),
(932, 269515, 'Para pérdida en transporte'),
(933, 269520, 'Para operación'),
(934, 269525, 'Para protección de bienes agotables'),
(935, 269530, 'Para ajustes en redención de unidades'),
(936, 269535, 'Autoseguro'),
(937, 269540, 'Planes y programas de reforest y electrific/n'),
(938, 269595, 'Otras'),
(939, 27, 'DIFERIDOS'),
(940, 2705, 'INGRESOS RECIBIDOS POR ANTICIPADO'),
(941, 270505, 'Intereses'),
(942, 270510, 'Comisiones'),
(943, 270515, 'Arrendamientos'),
(944, 270520, 'Honorarios'),
(945, 270525, 'Servicios técnicos'),
(946, 270530, 'De suscriptores'),
(947, 270535, 'Transportes, fletes y acarreos'),
(948, 270540, 'Mercancía en transito ya vendida'),
(949, 270545, 'Matriculas y pensiones'),
(950, 270550, 'Cuotas de administración'),
(951, 270595, 'Otros'),
(952, 2710, 'ABONOS DIFERIDOS'),
(953, 271005, 'Reajuste del sistema'),
(954, 2715, 'UTILIDAD DIFERIDA EN VENTAS A PLAZOS'),
(955, 2720, 'CRÉDITO POR CORRECCIÓN MONETARIA DIFERI'),
(956, 2725, 'IMPUESTOS DIFERIDOS'),
(957, 272505, 'Por depreciación flexible'),
(958, 272595, 'Diversos'),
(959, 272599, 'Ajustes por inflación'),
(960, 28, 'OTROS PASIVOS'),
(961, 2805, 'ANTICIPOS Y AVANCES RECIBIDOS'),
(962, 280505, 'De clientes'),
(963, 280510, 'Sobre contratos'),
(964, 280515, 'Para obras en proceso'),
(965, 280595, 'Otros'),
(966, 2810, 'DEPÓSITOS RECIBIDOS'),
(967, 281005, 'Para futura suscripción de acciones'),
(968, 281010, 'Para futuro pago de cuotas o derechos soc/les'),
(969, 281015, 'Para garantía en la prestación de servicios'),
(970, 281020, 'Para garantía de contratos'),
(971, 281025, 'De licitaciones'),
(972, 281030, 'De manejo de bienes'),
(973, 281035, 'Fondo de reserva'),
(974, 281095, 'Otros'),
(975, 2815, 'INGRESOS RECIBIDOS PARA TERCEROS'),
(976, 281505, 'Valores recibidos para terceros'),
(977, 281510, 'Venta por cuenta de terceros'),
(978, 2820, 'CUENTAS DE OPERACIÓN CONJUNTA'),
(979, 2825, 'RETENCIONES A TERCEROS SOBRE CONTRATAT'),
(980, 282505, 'Cumplimiento obligaciones laborales'),
(981, 282510, 'Para estabilidad de obra'),
(982, 282515, 'Garantía cumplimiento de contratos'),
(983, 2830, 'EMBARGOS JUDICIALES'),
(984, 283005, 'Indemnizaciones'),
(985, 283010, 'Depósitos judiciales'),
(986, 2835, 'ACREEDORES DEL SISTEMA'),
(987, 283505, 'Cuotas netas'),
(988, 283510, 'Grupos en formación'),
(989, 2840, 'CUENTAS EN PARTICIPACIÓN'),
(990, 2895, 'DIVERSOS'),
(991, 289505, 'Préstamos de productos'),
(992, 289510, 'Reembolso de costos exploratorios'),
(993, 289515, 'Programa de extensión agropecuaria'),
(994, 29, 'BONOS Y PAPELES COMERCIALES'),
(995, 2905, 'BONOS EN CIRCULACIÓN'),
(996, 2910, 'BONOS OBLIGATORIAMENTE CONVERTIBLES EN'),
(997, 2915, 'PAPELES COMERCIALES'),
(998, 2920, 'BONOS PENSIONALES'),
(999, 292005, 'Valor bonos pensionales'),
(1000, 292010, 'Bonos pensionales por amortizar (DB)'),
(1001, 292015, 'Intereses causados sobre bonos pensionales'),
(1002, 2925, 'TÍTULOS PENSIONALES'),
(1003, 292505, 'Valor títulos pensionales'),
(1004, 292510, 'Títulos pensionales por amortizar (DB)'),
(1005, 292515, 'Intereses causados sobre títulos pensionales'),
(1006, 3, 'PATRIMONIO'),
(1007, 31, 'CAPITAL SOCIAL'),
(1008, 3105, 'CAPITAL SUSCRITO Y PAGADO'),
(1009, 310505, 'Capital autorizado'),
(1010, 310510, 'Capital por suscribir (DB)'),
(1011, 310515, 'Capital suscrito por cobrar (DB)'),
(1012, 3115, 'APORTES SOCIALES'),
(1013, 311505, 'Cuotas o partes de interés social'),
(1014, 311510, 'Aportes de socios-fondo mutuo de inversión'),
(1015, 311515, 'Contribuc de la empresa-fondo mutuo inversión'),
(1016, 311520, 'Suscripciones del público'),
(1017, 3120, 'CAPITAL ASIGNADO'),
(1018, 3125, 'INVERSIÓN SUPLEMENTARIA AL CAPITAL ASIGN'),
(1019, 3130, 'CAPITAL DE PERSONAS NATURALES'),
(1020, 3135, 'APORTES DEL ESTADO'),
(1021, 3140, 'FONDO SOCIAL'),
(1022, 32, 'SUPERÁVIT DE CAPITAL'),
(1023, 3205, 'PRIMA EN COLOCAC DE ACCIONES,CUOTAS O P'),
(1024, 320505, 'Prima en colocación de acciones'),
(1025, 320510, 'Prima en colocac de acciones por cobrar (DB)'),
(1026, 320515, 'Prima en colocac de cuotas o part de ints soc'),
(1027, 3210, 'DONACIONES'),
(1028, 321005, 'En dinero'),
(1029, 321010, 'En valores mobiliarios'),
(1030, 321015, 'En bienes muebles'),
(1031, 321020, 'En bienes inmuebles'),
(1032, 321025, 'En intangibles'),
(1033, 3215, 'CRÉDITO MERCANTIL'),
(1034, 3220, 'KNOW HOW'),
(1035, 3225, 'SUPERÁVIT MÉTODO DE PARTICIPACIÓN'),
(1036, 322505, 'De acciones'),
(1037, 322510, 'De cuotas o partes de interés social'),
(1038, 33, 'RESERVAS'),
(1039, 3305, 'RESERVA OBLIGATORIAS'),
(1040, 330505, 'Reserva legal'),
(1041, 330510, 'Reserva por disposiciones fiscales'),
(1042, 330515, 'Reserva para readquisición de acciones'),
(1043, 330516, 'Acciones propias readquiridas (DB)'),
(1044, 330517, 'Reserva para readq cuotas partes de int/s soc'),
(1045, 330518, 'Cuotas o partes de int. social prop readq(DB)'),
(1046, 330520, 'Reserva para extensión agropecuaria'),
(1047, 330525, 'Reserva ley 78 de 1990'),
(1048, 330530, 'Reserva para reposición de semovientes'),
(1049, 330535, 'Reserva ley 4ta de 1980'),
(1050, 330595, 'Otras'),
(1051, 3310, 'RESERVA ESTATUTARIAS'),
(1052, 331005, 'Para futuras capitalizaciones'),
(1053, 331010, 'Para reposición de activos'),
(1054, 331015, 'Para futuros ensanches'),
(1055, 331095, 'Otras'),
(1056, 3315, 'RESERVA OCASIONALES'),
(1057, 331505, 'Para beneficencia y civismo'),
(1058, 331510, 'Para futuras capitalizaciones'),
(1059, 331515, 'Para futuros ensanches'),
(1060, 331520, 'Para adquisic o reposic de prop plant equipo'),
(1061, 331525, 'Para investigación y desarrollo'),
(1062, 331530, 'Para fomento económico'),
(1063, 331535, 'Para capital de trabajo'),
(1064, 331540, 'Para estabilización de rendimientos'),
(1065, 331545, 'A disposición del máximo órgano social'),
(1066, 331595, 'Otras'),
(1067, 34, 'REVALORIZACIÓN DEL PATRIMONIO'),
(1068, 3405, 'AJUSTES POR INFLACIÓN'),
(1069, 340505, 'De capital social'),
(1070, 340510, 'De superávit de capital'),
(1071, 340515, 'De reservas'),
(1072, 340520, 'De resultados de ejercicios anteriores'),
(1073, 340525, 'De activos en período improductivo'),
(1074, 340530, 'De saneamiento fiscal'),
(1075, 340535, 'De ajustes decreto 3019 de 1989'),
(1076, 340540, 'De divid y partic decr en accs, cuot o partes'),
(1077, 340545, 'Superávit método de participación'),
(1078, 3410, 'SANEAMIENTO FISCAL'),
(1079, 3415, 'AJUSTES POR INFLACIÓN'),
(1080, 35, 'DIVIDENDS O PARTICIPAC DECRETADAS EN ACC'),
(1081, 3505, 'DIVIDENDOS DECRETADOS EN ACCIONES'),
(1082, 3510, 'PARTIC/N DECRETS EN CUOTAS  O PART INTS S'),
(1083, 36, 'RESULTADOS DEL EJERCICIO'),
(1084, 3605, 'UTILIDAD DEL EJERCICIO'),
(1085, 3610, 'PÉRDIDA DEL EJERCICIO'),
(1086, 361005, 'Pérdida del ejercicio'),
(1087, 361010, 'Pérdida por exposición a la inflación'),
(1088, 37, 'RESULTADOS DEL EJERCICIO ANTERIORES'),
(1089, 3705, 'UTILIDADES ACUMULADAS'),
(1090, 3710, 'PÉRDIDAS ACUMULADAS'),
(1091, 38, 'SUPERÁVIT POR VALORACIONES'),
(1092, 3805, 'DE INVERSIONES'),
(1093, 380505, 'Acciones'),
(1094, 380510, 'Cuotas o partes de interés social'),
(1095, 380515, 'Derechos fiduciarios'),
(1096, 3810, 'DE PROPIEDADES, PLANTA Y EQUIPO'),
(1097, 381004, 'Terrenos'),
(1098, 381006, 'Materiales proyectos petroleros'),
(1099, 381008, 'Construcciones y edificaciones'),
(1100, 381012, 'Maquinaria y equipo'),
(1101, 381016, 'Equipo de oficina'),
(1102, 381020, 'Equipo de computación y comunicación'),
(1103, 381024, 'Equipo médico-científico'),
(1104, 381028, 'Equipo de hoteles y restaurantes'),
(1105, 381032, 'Flota y equipo de transporte'),
(1106, 381036, 'Flota y equipo fluvial y/o marítimo'),
(1107, 381040, 'Flota y equipo aéreo'),
(1108, 381044, 'Flota y equipo férreo'),
(1109, 381048, 'Acueductos, plantas y redes'),
(1110, 381052, 'Armamento de vigilancia'),
(1111, 381056, 'Envases y empaques'),
(1112, 381060, 'Plantaciones agrícolas y forestales'),
(1113, 381064, 'Vías de comunicación'),
(1114, 381068, 'Minas y canteras'),
(1115, 381072, 'Pozos artesianos'),
(1116, 381076, 'Yacimientos'),
(1117, 381080, 'Semovientes'),
(1118, 3895, 'DE OTROS ACTIVOS'),
(1119, 389505, 'Bienes de arte y cultura'),
(1120, 389510, 'Bienes entregados en comodato'),
(1121, 389515, 'Bienes recibidos en pago'),
(1122, 389520, 'Inventarios de semovientes'),
(1123, 4, 'INGRESOS'),
(1124, 41, 'OPERACIONALES'),
(1125, 4105, 'AGRICULTURA, GANADERÍA, CAZA Y SILVICULTU'),
(1126, 410505, 'Cultivo de cereales'),
(1127, 410510, 'Cultiv de hortalizas, legumbres y plant ornam'),
(1128, 410515, 'Cultiv de frutas, nueces y plantas aromáticas'),
(1129, 410520, 'Cultivo de café'),
(1130, 410525, 'Cultivo de flores'),
(1131, 410530, 'Cultivo de caña de azúcar'),
(1132, 410535, 'Cultivo de algodón y plantas para mat textil'),
(1133, 410540, 'Cultivo de banano'),
(1134, 410545, 'Otros cultivos agrícolas'),
(1135, 410550, 'Cría ovejas,cabras,asnos,mulas y burdéganos'),
(1136, 410555, 'Cría de ganado caballar y vacuno'),
(1137, 410560, 'Producción avícola'),
(1138, 410565, 'Cría de otros animales'),
(1139, 410570, 'Servicios agrícolas y ganaderos'),
(1140, 410575, 'Actividad de caza'),
(1141, 410580, 'Actividad de silvicultura'),
(1142, 410595, 'Actividades conexas'),
(1143, 410599, '*Ajustes por inflación'),
(1144, 4110, 'PESCA'),
(1145, 411005, 'Actividad de pesca'),
(1146, 411010, 'Explotación de criaderos de peces'),
(1147, 411095, 'Actividades conexas'),
(1148, 411099, '*Ajustes por inflación'),
(1149, 4115, 'EXPLOTACIÓN DE MINAS Y CANTERAS'),
(1150, 411505, 'Carbón'),
(1151, 411510, 'Petróleo crudo'),
(1152, 411512, 'Gas natural'),
(1153, 411514, 'Servicios relac con extracc de petróleo y gas'),
(1154, 411515, 'Minerales de hierro'),
(1155, 411520, 'Minerales metalíferos no ferrosos'),
(1156, 411525, 'Piedra, arena y arcilla'),
(1157, 411527, 'Piedras preciosas'),
(1158, 411528, 'Oro'),
(1159, 411530, 'Otras minas y canteras'),
(1160, 411532, 'Prestación de Servicios sector minero'),
(1161, 411595, 'Actividades conexas'),
(1162, 411599, '*Ajustes por inflación'),
(1163, 4120, 'INDUSTRIAS MANUFACTURERAS'),
(1164, 412001, 'Producc y proce/to de carnes y prods cárnicos'),
(1165, 412002, 'Productos de pescado'),
(1166, 412003, 'Productos de frutas ,legumbres y hortalizas'),
(1167, 412004, 'Elaboración de aceites y grasas'),
(1168, 412005, 'Elaboración de productos lácteos'),
(1169, 412006, 'Elaboración de productos de molinería'),
(1170, 412007, 'Elab. de almidones y derivados'),
(1171, 412008, 'Elab. de alimentos para animales'),
(1172, 412009, 'Elaboración de productos para panadería'),
(1173, 412010, 'Elaboración de azúcar y melazas'),
(1174, 412011, 'Elab. de cacao, chocolate y confitería'),
(1175, 412012, 'Elab. de pastas y productos farináceos'),
(1176, 412013, 'Elaboración de productos de café'),
(1177, 412014, 'Elab. de otros productos alimenticios'),
(1178, 412015, 'Elab. de bebidas alcohólica y alcohol etílico'),
(1179, 412016, 'Elaboración de vinos'),
(1180, 412017, 'Elab. de bebidas malteadas y de malta'),
(1181, 412018, 'Elab. de bebidas no alcohólicas'),
(1182, 412019, 'Elaboración de productos de tabaco'),
(1183, 412020, 'Preparac e hilatura de fibras text y tejedur'),
(1184, 412021, 'Acabado de productos textiles'),
(1185, 412022, 'Elab. de artículos de materiales textiles'),
(1186, 412023, 'Elaboración de tapices y alfombras'),
(1187, 412024, 'Elab. de cuerdas,cordeles,bramantes y redes'),
(1188, 412025, 'Elaboración de otros productos textiles'),
(1189, 412026, 'Elaboración de tejidos'),
(1190, 412027, 'Elaboración de prendas de vestir'),
(1191, 412028, 'Preparación, adobo y tejido de pieles'),
(1192, 412029, 'Curtido, adobo o preparación de cuero'),
(1193, 412030, 'Elaboración de maletas, bolsos y similares'),
(1194, 412031, 'Elaboración de calzado'),
(1195, 412032, 'Producc de madera, artic/s de madera y corcho'),
(1196, 412033, 'Elab. de pasta y prods madera, papel y cartón'),
(1197, 412034, 'Ediciones y publicaciones'),
(1198, 412035, 'Impresión'),
(1199, 412036, 'Servicios relac con la edición y la impresión'),
(1200, 412037, 'Reproducción de grabaciones'),
(1201, 412038, 'Elaboración de productos de horno de coque'),
(1202, 412039, 'Elab. de prods de la refinación de petróleo'),
(1203, 412040, 'Elab. de sustancias químicas básicas'),
(1204, 412041, 'Elab. de abonos y compuestos de nitrógeno'),
(1205, 412042, 'Elaboración de plástico y caucho sintético'),
(1206, 412043, 'Elab. de prods químicos de uso agropecuario'),
(1207, 412044, 'Elaboración de pinturas tintas y masillas'),
(1208, 412045, 'Elab. de productos farmacéuticos y botánicos'),
(1209, 412046, 'Elab. de jabon,detergente y prepar de tocador'),
(1210, 412047, 'Elab. de otros productos químicos'),
(1211, 412048, 'Elaboración de fibras'),
(1212, 412049, 'Elab. de otros productos de caucho'),
(1213, 412050, 'Elaboración de productos de plástico'),
(1214, 412051, 'Elaboración de vidrio y productos de vidrio'),
(1215, 412052, 'Elab. de prods de cerámica,loza,piedra y ot'),
(1216, 412053, 'Elaboración de cemento, cal y yeso'),
(1217, 412054, 'Elab. de arts de hormigón, cemento y yeso'),
(1218, 412055, 'Corte, tallado y acabado de la piedra'),
(1219, 412056, 'Elab. de otros prodcts minerales no metálicos'),
(1220, 412057, 'Ind básicas y fundición de hierro y acero'),
(1221, 412058, 'Prods primarios de metales prec y no ferrosos'),
(1222, 412059, 'Fundición de metales no ferrosos'),
(1223, 412060, 'Fabricac de prods metálicos para uso estruct'),
(1224, 412061, 'Forja,prens,estamp,laminado de metal y pulvim'),
(1225, 412062, 'Revest de metales y obras de ingen. mecánica'),
(1226, 412063, 'Fabricación de artículos de ferretería'),
(1227, 412064, 'Elab. de otros productos de metal'),
(1228, 412065, 'Fabricación de maquinaria y equipo'),
(1229, 412066, 'Fabricac de equipo de elevac y manipulación'),
(1230, 412067, 'Elab. de aparatos de uso doméstico'),
(1231, 412068, 'Elaboración de equipo de oficina'),
(1232, 412069, 'Elaboración de pilas y baterías primarias'),
(1233, 412070, 'Elaboración de equipo de iluminación'),
(1234, 412071, 'Elab. de otros tipos de equipo eléctrico'),
(1235, 412072, 'Fabricac/n de equipos de radio tv y comunicac'),
(1236, 412073, 'Fabricac/n de aparatos e instrumentos médicos'),
(1237, 412074, 'Fabricac/n de instrum de medición y control'),
(1238, 412075, 'Fabricac/n de instrum de óptica y equip fotog'),
(1239, 412076, 'Fabricación de relojes'),
(1240, 412077, 'Fabricación de vehículos automotores'),
(1241, 412078, 'Fabricación de carrocerías para autos'),
(1242, 412079, 'Fabric de partes piezas y accesor para autos'),
(1243, 412080, 'Fabricac/n y repar de buques y otras embarcac'),
(1244, 412081, 'Fabric de locomotor y material rodante ferroc'),
(1245, 412082, 'Fabricación de aeronaves'),
(1246, 412083, 'Fabricación de motocicletas'),
(1247, 412084, 'Fabricación de bicicletas y sillas de ruedas'),
(1248, 412085, 'Fabricación de otros tipos de transporte'),
(1249, 412086, 'Fabricación de muebles'),
(1250, 412087, 'Fabricación de joyas y artículos conexos'),
(1251, 412088, 'Fabricación de instrumentos de música'),
(1252, 412089, 'Fabricación de artíc/ls y equipo para deporte'),
(1253, 412090, 'Fabricación de juegos y juguetes'),
(1254, 412091, 'Reciclamiento de desperdicios'),
(1255, 412095, 'Productos de otras industrias manufactureras'),
(1256, 412099, '*Ajustes por inflación'),
(1257, 4125, 'SUMINISTRO DE ELECTRICIDAD,GAS Y AGUA'),
(1258, 412505, 'Generac captac y distrib de energía electrica'),
(1259, 412510, 'Fabric/n de gas y distrib de combust gaseosos'),
(1260, 412515, 'Captación,depuración y distribución de agua'),
(1261, 412595, 'Actividades conexas'),
(1262, 412599, '*Ajustes por inflación'),
(1263, 4130, 'CONSTRUCCIÓN'),
(1264, 413005, 'Preparación de terrenos'),
(1265, 413010, 'Construcc de edific y obras de ingenier civil'),
(1266, 413015, 'Acondicionamiento de edificios'),
(1267, 413020, 'Terminación de edificaciones'),
(1268, 413025, 'Alquiler de equipo con operario'),
(1269, 413095, 'Actividades conexas');
INSERT INTO `plandecuenta_puc` (`id`, `num_cuenta`, `descripcion`) VALUES
(1270, 413099, '*Ajustes por inflación'),
(1271, 4135, 'COMERCIO AL POR MAYOR Y AL POR MENOR'),
(1272, 413502, 'Venta de vehículos automotores'),
(1273, 413504, 'Manten/to, reparac y lavado de vehic automots'),
(1274, 413506, 'Venta de partes piezas y acces de veh automot'),
(1275, 413508, 'Venta de combust sólidos, líquidos, gaseosos'),
(1276, 413510, 'Venta de lubric aditivos llantas y lujos auto'),
(1277, 413512, 'Venta a cambio de retribución o por contrata'),
(1278, 413514, 'Venta de insum materias prim agrop y flores'),
(1279, 413516, 'Vta de otros insum y materias primas no agrop'),
(1280, 413518, 'Venta de animales vivos y cueros'),
(1281, 413520, 'Venta de prods en almacenes no especializados'),
(1282, 413522, 'Venta de productos agropecuarios'),
(1283, 413524, 'Venta de prods textiles vest cuero y calzado'),
(1284, 413526, 'Venta de papel y cartón'),
(1285, 413528, 'Venta de libr rev elem pap \'útiles y text esc'),
(1286, 413530, 'Venta de juegos, juguetes y artícs deportivos'),
(1287, 413532, 'Venta de instrum quirúrgicos y ortopédicos'),
(1288, 413534, 'Venta de artículos en relojerías y joyerías'),
(1289, 413536, 'Venta de electrodomésticos y muebles'),
(1290, 413538, 'Vta de prods de aseo,farmac,medicin y art toc'),
(1291, 413540, 'Vta de cubiertos,vajillas,cristalería,porcel,'),
(1292, 413542, 'Vta de material de const fontan. y calefacc/n'),
(1293, 413544, 'Venta de pinturas y lacas'),
(1294, 413546, 'Venta de productos de vidrios y marquetería'),
(1295, 413548, 'Vta de herramientas y artículos de ferretería'),
(1296, 413550, 'Venta de químicos'),
(1297, 413552, 'Venta de prod interm,desperdicios y desechos'),
(1298, 413554, 'Venta de maq. equipo de ofic progr computador'),
(1299, 413556, 'Vta de artículs en cacharrerías y misceláneas'),
(1300, 413558, 'Venta de instrumentos musicales'),
(1301, 413560, 'Venta de arts en casas de empeño y prenderías'),
(1302, 413562, 'Venta de equipo fotográfico'),
(1303, 413564, 'Venta de equipo óptico y de precisión'),
(1304, 413566, 'Venta de empaques'),
(1305, 413568, 'Venta de equipo profesional y científico'),
(1306, 413570, 'Vta de loterías rifas chance apuestas y simil'),
(1307, 413572, 'Reparac de efectos personal y electrodoméstic'),
(1308, 413595, 'Venta de otros productos'),
(1309, 413599, '*Ajustes por inflación'),
(1310, 4140, 'HOTELES Y RESTAURANTES'),
(1311, 414005, 'Hotelería'),
(1312, 414010, 'Campamento y otros tipos de hospedaje'),
(1313, 414015, 'Restaurantes'),
(1314, 414020, 'Bares y cantinas'),
(1315, 414095, 'Actividades conexas'),
(1316, 414099, '*Ajustes por inflación'),
(1317, 4145, 'TRANSPORTE, ALMACENAMIENTO Y COMUNICAC'),
(1318, 414505, 'Servicio de transporte por carretera'),
(1319, 414510, 'Servicio de transporte por vía férrea'),
(1320, 414515, 'Servicio de transporte por vía acuática'),
(1321, 414520, 'Servicio de transporte por vía aérea'),
(1322, 414525, 'Servicio de transporte por tuberías'),
(1323, 414530, 'Manipulación de carga'),
(1324, 414535, 'Almacenamiento y depósito'),
(1325, 414540, 'Servicios complementarios para el transporte'),
(1326, 414545, 'Agencias de viaje'),
(1327, 414550, 'Otras agencias de transporte'),
(1328, 414555, 'Servicio postal y de correo'),
(1329, 414560, 'Servicio telefónico'),
(1330, 414565, 'Servicio de telégrafo'),
(1331, 414570, 'Servicio de transmisión de datos'),
(1332, 414575, 'Servicio de radio y televisión por cable'),
(1333, 414580, 'Transmisión de sonido e imágenes por contrato'),
(1334, 414595, 'Actividades conexas'),
(1335, 414599, '*Ajustes por inflación'),
(1336, 4150, 'ACTIVIDAD FINANCIERA'),
(1337, 415005, 'Venta de inversiones'),
(1338, 415010, 'Dividendos de socieds anónimas y/o asimiladas'),
(1339, 415015, 'Participación de socieds ltdas y/o asimilada'),
(1340, 415020, 'Intereses'),
(1341, 415025, 'Reajuste monetario-UPAC'),
(1342, 415030, 'Comisiones'),
(1343, 415035, 'Operaciones de descuento'),
(1344, 415040, 'Cuotas de inscripción-consorcios'),
(1345, 415045, 'Cuotas de administración-consorcios'),
(1346, 415050, 'Reajuste del sistema-consorcios'),
(1347, 415055, 'Eliminación de suscriptores-consorcios'),
(1348, 415060, 'Cuotas de ingreso o retiro-soc.administradora'),
(1349, 415065, 'Servicios a comisionistas'),
(1350, 415070, 'Inscripciones y cuotas'),
(1351, 415075, 'Recuperación de garantias'),
(1352, 415080, 'Ingreso método de participación'),
(1353, 415095, 'Actividades conexas'),
(1354, 415099, '*Ajustes por inflación'),
(1355, 4155, 'ACTIVIDADES INMOBIL/S,EMPRESAR/S Y DE ALQ'),
(1356, 415505, 'Arrendamiento de bienes inmuebles'),
(1357, 415510, 'Inmobiliarias por retribución o contrata'),
(1358, 415515, 'Alquiler equipo de transporte'),
(1359, 415520, 'Alquiler maquinaria y equipo'),
(1360, 415525, 'Alquiler de efectos personales y ens doméstic'),
(1361, 415530, 'Consultoría en equipo y progr de informática'),
(1362, 415535, 'Procesamiento de datos'),
(1363, 415540, 'Manten/to y reparac de maquinaria de oficina'),
(1364, 415545, 'Investigaciones científicas y de desarrollo'),
(1365, 415550, 'Actividades empresariales de consultoría'),
(1366, 415555, 'Publicidad'),
(1367, 415560, 'Dotación de personal'),
(1368, 415565, 'Investigación y seguridad'),
(1369, 415570, 'Limpieza de inmuebles'),
(1370, 415575, 'Fotografía'),
(1371, 415580, 'Envase y empaque'),
(1372, 415585, 'Fotocopiado'),
(1373, 415590, 'Manten/to y reparac. de maquinaria y equipo'),
(1374, 415595, 'Actividades conexas'),
(1375, 415599, '*Ajustes por inflación'),
(1376, 4160, 'ENSEÑANZA'),
(1377, 416005, 'Actividades relacionadas con la educación'),
(1378, 416095, 'Actividades conexas'),
(1379, 416099, '*Ajustes por inflación'),
(1380, 4165, 'SERVICIOS SOCIALES Y DE SALUD'),
(1381, 416505, 'Servicio hospitalario'),
(1382, 416510, 'Servicio médico'),
(1383, 416515, 'Servicio odontológico'),
(1384, 416520, 'Servicio de laboratorio'),
(1385, 416525, 'Actividades veterinarias'),
(1386, 416530, 'Actividades de servicios sociales'),
(1387, 416595, 'Actividades conexas'),
(1388, 416599, '*Ajustes por inflación'),
(1389, 4170, 'OTRAS ACTIVIDS DE SERVICS COMUNIT,SOC/L Y'),
(1390, 417005, 'Eliminación de desperdic y aguas residuales'),
(1391, 417010, 'Actividades de asociación'),
(1392, 417015, 'Producción y distribución de filmes y videoc.'),
(1393, 417020, 'Exhibición de filmes y videocintas'),
(1394, 417025, 'Actividad de radio y televisión'),
(1395, 417030, 'Actividad teatral, musical y artística'),
(1396, 417035, 'Grabación y producción de discos'),
(1397, 417040, 'Entretenimiento y esparcimiento'),
(1398, 417045, 'Agencias de noticias'),
(1399, 417050, 'Lavanderías y similares'),
(1400, 417055, 'Peluquerías y similares'),
(1401, 417060, 'Servicios funerarios'),
(1402, 417065, 'Zonas francas'),
(1403, 417095, 'Actividades conexas'),
(1404, 417099, '*Ajustes por inflación'),
(1405, 4175, 'DEVOLUCIONES EN VENTAS (DB)'),
(1406, 417599, '*Ajustes por inflación'),
(1407, 42, 'NO OPERACIONALES'),
(1408, 4205, 'OTRAS VENTAS'),
(1409, 420505, 'Materia prima'),
(1410, 420510, 'Material de desecho'),
(1411, 420515, 'Material varios'),
(1412, 420520, 'Productos de diversificación'),
(1413, 420525, 'Excedentes de exportación'),
(1414, 420530, 'Envases y empaques'),
(1415, 420535, 'Productos agrícolas'),
(1416, 420540, 'De propaganda'),
(1417, 420545, 'Productos en remate'),
(1418, 420550, 'Combustibles y lubricantes'),
(1419, 420599, '*Ajustes por inflación'),
(1420, 4210, 'FINANCIEROS'),
(1421, 421005, 'Intereses'),
(1422, 421010, 'Reajuste monetario-UPAC'),
(1423, 421015, 'Descuentos amortizados'),
(1424, 421020, 'Diferencia en cambio'),
(1425, 421025, 'Financiación vehículos'),
(1426, 421030, 'Financiación sistemas de viajes'),
(1427, 421035, 'Aceptaciones bancarias'),
(1428, 421040, 'Descuentos comerciales condicionados'),
(1429, 421045, 'Descuentos bancarios'),
(1430, 421050, 'Comisiones cheques de otras plazas'),
(1431, 421055, 'Multas y recargos'),
(1432, 421060, 'Sanciones cheques devueltos'),
(1433, 421095, 'Otros'),
(1434, 421099, '*Ajustes por inflación'),
(1435, 4215, 'DIVIDENDOS Y PARTICIPACIONES'),
(1436, 421505, 'De sociedades anónimas y/o asimiladas'),
(1437, 421510, 'De sociedades limitadas y/o asimiladas'),
(1438, 421599, '*Ajustes por inflación'),
(1439, 4218, 'INGRESOS MÉTODO DE PARTICIPACIÓN'),
(1440, 421805, 'De sociedades anónimas y/o asimiladas'),
(1441, 421810, 'De sociedades limitadas y/o asimiladas'),
(1442, 4220, 'ARRENDAMIENTOS'),
(1443, 422005, 'Terrenos'),
(1444, 422010, 'Construcciones y edificios'),
(1445, 422015, 'Maquinaria y equipo'),
(1446, 422020, 'Equipo de oficina'),
(1447, 422025, 'Equipo de computación y comunicación'),
(1448, 422030, 'Equipo médico-científico'),
(1449, 422035, 'Equipo de hoteles y restaurantes'),
(1450, 422040, 'Flota y equipo de transporte'),
(1451, 422045, 'Flota y equipo fluvial y/o marítimo'),
(1452, 422050, 'Flota y equipo aéreo'),
(1453, 422055, 'Flota y equipo férreo'),
(1454, 422060, 'Acueductos, plantas y redes'),
(1455, 422062, 'Envases y empaques'),
(1456, 422065, 'Plantaciones agrícolas y forestales'),
(1457, 422070, 'Aeródromos'),
(1458, 422075, 'Semovientes'),
(1459, 422099, '*Ajustes por inflación'),
(1460, 4225, 'COMISIONES'),
(1461, 422505, 'Sobre inversiones'),
(1462, 422510, 'De concesionarios'),
(1463, 422515, 'De Actividades financieras'),
(1464, 422520, 'Por venta de Servicios de taller'),
(1465, 422525, 'Por venta de seguros'),
(1466, 422530, 'Por ingresos para terceros'),
(1467, 422535, 'Por distribución de películas'),
(1468, 422540, 'Derechos de autor'),
(1469, 422545, 'Derechos de programación'),
(1470, 422599, '*Ajustes por inflación'),
(1471, 4230, 'HONORARIOS'),
(1472, 423005, 'Asesorías'),
(1473, 423010, 'Asistencia técnica'),
(1474, 423015, 'Administración de vinculadas'),
(1475, 423099, '*Ajustes por inflación'),
(1476, 4235, 'SERVICIOS'),
(1477, 423505, 'De báscula'),
(1478, 423510, 'De transporte'),
(1479, 423515, 'De prensa'),
(1480, 423520, 'Administrativos'),
(1481, 423525, 'Técnicos'),
(1482, 423530, 'De computación'),
(1483, 423535, 'De Telefax'),
(1484, 423540, 'Taller de vehículos'),
(1485, 423545, 'De recepción de aeronaves'),
(1486, 423550, 'De transporte programa gas natural'),
(1487, 423555, 'Por contratos'),
(1488, 423560, 'De trilla'),
(1489, 423565, 'De mantenimiento'),
(1490, 423570, 'Al personal'),
(1491, 423575, 'De casino'),
(1492, 423580, 'Fletes'),
(1493, 423585, 'Entre compañías'),
(1494, 423595, 'Otros'),
(1495, 423599, '*Ajustes por inflación'),
(1496, 4240, 'UTILIDAD EN VENTA DE INVERSIONES'),
(1497, 424005, 'Acciones'),
(1498, 424010, 'Cuotas o partes de interés social'),
(1499, 424015, 'Bonos'),
(1500, 424020, 'Cédulas'),
(1501, 424025, 'Certificados'),
(1502, 424030, 'Papeles comerciales'),
(1503, 424035, 'Títulos'),
(1504, 424045, 'Derechos fiduciarios'),
(1505, 424050, 'Obligatorias'),
(1506, 424095, 'Otras'),
(1507, 424099, '*Ajustes por inflación'),
(1508, 4245, 'UTILIDAD EN VENTA DE PROPIED PLANTA Y EQU'),
(1509, 424504, 'Terrenos'),
(1510, 424506, 'Materiales industria petrolera'),
(1511, 424508, 'Construcciones en curso'),
(1512, 424512, 'Maquinaria en montaje'),
(1513, 424516, 'Construcciones y edificaciones'),
(1514, 424520, 'Maquinaria y equipo'),
(1515, 424524, 'Equipo de oficina'),
(1516, 424528, 'Equipo de computación y comunicación'),
(1517, 424532, 'Equipo médico-científico'),
(1518, 424536, 'Equipo de hoteles y restaurantes'),
(1519, 424540, 'Flota y equipo de transporte'),
(1520, 424544, 'Flota y equipo fluvial y/o marítimo'),
(1521, 424548, 'Flota y equipo aéreo'),
(1522, 424552, 'Flota y equipo férreo'),
(1523, 424556, 'Acueductos, plantas y redes'),
(1524, 424560, 'Armamento de vigilancia'),
(1525, 424562, 'Envases y empaques'),
(1526, 424564, 'Plantaciones agrícolas y forestales'),
(1527, 424568, 'Vías de comunicación'),
(1528, 424572, 'Minas y canteras'),
(1529, 424580, 'Pozos artesianos'),
(1530, 424584, 'Yacimientos'),
(1531, 424588, 'Semovientes'),
(1532, 424599, '*Ajustes por inflación'),
(1533, 4248, 'UTILIDAD EN VENTA DE OTROS BIENES'),
(1534, 424805, 'Intangible'),
(1535, 424810, 'Otros activos'),
(1536, 424899, '*Ajustes por inflación'),
(1537, 4250, 'RECUPERACIONES'),
(1538, 425005, 'Deudas malas'),
(1539, 425010, 'Seguros'),
(1540, 425015, 'Reclamos'),
(1541, 425020, 'Reintegro por personal en comisión'),
(1542, 425025, 'Reintegro garantías'),
(1543, 425030, 'Descuentos concedidos'),
(1544, 425035, 'Reintegro provisiones'),
(1545, 425040, 'Gastos bancarios'),
(1546, 425045, 'De depreciación'),
(1547, 425050, 'Reintegro de otros costos y gastos'),
(1548, 425099, '*Ajustes por inflación'),
(1549, 4255, 'INDEMNIZACIONES'),
(1550, 425505, 'Por siniestro'),
(1551, 425510, 'Por suministros'),
(1552, 425515, 'Lucro cesante compañías de seguros'),
(1553, 425520, 'Daño emergente compañías de seguros'),
(1554, 425525, 'Por pérdida de mercancía'),
(1555, 425530, 'Por incumplimiento de contratos'),
(1556, 425535, 'De terceros'),
(1557, 425540, 'Por incapacidades I.S.S'),
(1558, 425590, 'Otras'),
(1559, 425599, '*Ajustes por inflación'),
(1560, 4260, 'PARTICIPACIONES EN CONCESIONES'),
(1561, 426099, '*Ajustes por inflación'),
(1562, 4265, 'INGRESOS DE EJERCICIOS ANTERIORES'),
(1563, 426599, '*Ajustes por inflación'),
(1564, 4275, 'DEVOLUCIONES EN OTRAS VENTAS (DB)'),
(1565, 427599, '*Ajustes por inflación'),
(1566, 4295, 'DIVERSOS'),
(1567, 429503, 'CERT'),
(1568, 429505, 'Aprovechamientos'),
(1569, 429507, 'Auxilios'),
(1570, 429509, 'Subvenciones'),
(1571, 429511, 'Ingresos por investigación y desarrollo'),
(1572, 429513, 'Por trabajos ejecutados'),
(1573, 429515, 'Regalías'),
(1574, 429517, 'Derivados de las exportaciones'),
(1575, 429519, 'Otros ingresos de explotación'),
(1576, 429521, 'De la actividad ganadera'),
(1577, 429525, 'Derechos y licitaciones'),
(1578, 429530, 'Ingresos por elementos perdidos'),
(1579, 429533, 'Multas y recargos'),
(1580, 429535, 'Preavisos descontados'),
(1581, 429537, 'Reclamos'),
(1582, 429540, 'Recobro de daños'),
(1583, 429543, 'Premios'),
(1584, 429545, 'Bonificaciones'),
(1585, 429547, 'Productos descontados'),
(1586, 429549, 'Reconocimientos ISS'),
(1587, 429551, 'Excedentes'),
(1588, 429553, 'Sobrantes de caja'),
(1589, 429555, 'Sobrantes en liquidación fletes'),
(1590, 429557, 'Subsidios estatales'),
(1591, 429559, 'Capacitación distribuidores'),
(1592, 429561, 'De escrituración'),
(1593, 429563, 'Registro promesas de venta'),
(1594, 429567, 'Útiles, papelería y fotocopias'),
(1595, 429571, 'Resultados matriculas y traspasos'),
(1596, 429573, 'Decoraciones'),
(1597, 429575, 'Manejo de carga'),
(1598, 429579, 'Historia clínica'),
(1599, 429581, 'Ajuste al peso'),
(1600, 429583, 'LLamadas telefónicas'),
(1601, 429599, '*Ajustes por inflación'),
(1602, 47, 'AJUSTES POR INFLACIÓN'),
(1603, 4705, 'CORRECCIÓN MONETARIA'),
(1604, 470505, 'Inversiones (CR)'),
(1605, 470510, 'Inventarios (CR)'),
(1606, 470515, 'Propiedades, planta y equipo (CR)'),
(1607, 470520, 'Intangibles (CR)'),
(1608, 470525, 'Activos diferidos'),
(1609, 470530, 'Otros activos (CR)'),
(1610, 470535, 'Pasivos sujetos de ajuste'),
(1611, 470540, 'Patrimonio'),
(1612, 470545, 'Depreciación acumulada (DB)'),
(1613, 470550, 'Depreciación diferida (CR)'),
(1614, 470555, 'Agotamiento acumulado (DB)'),
(1615, 470560, 'Amortización acumulada (DB)'),
(1616, 470565, 'Ingresos operacionales (DB)'),
(1617, 470568, 'Devoluciones en ventas (CR)'),
(1618, 470570, 'Ingresos no operacionales (DB)'),
(1619, 470575, 'Gastos operacionales de administración (CR)'),
(1620, 470580, 'Gastos operacionales de ventas (CR)'),
(1621, 470585, 'Gastos no operacionales (CR)'),
(1622, 470590, 'Compras (CR)'),
(1623, 470591, 'Devoluciones en compras (DB)'),
(1624, 470592, 'Costo de ventas (CR)'),
(1625, 470594, 'Costos de producción o de operación (CR)'),
(1626, 5, 'GASTOS'),
(1627, 51, 'OPERACIONALES DE ADMINISTRACIÓN'),
(1628, 5105, 'GASTOS DE PERSONAL'),
(1629, 510503, 'Salario integral'),
(1630, 510506, 'Sueldos'),
(1631, 510512, 'Jornales'),
(1632, 510515, 'Horas extras y recargos'),
(1633, 510518, 'Comisiones'),
(1634, 510521, 'Viáticos'),
(1635, 510524, 'Incapacidades'),
(1636, 510527, 'Auxilio de transporte'),
(1637, 510530, 'Cesantías'),
(1638, 510533, 'Intereses sobre cesantías'),
(1639, 510536, 'Prima de servicios'),
(1640, 510539, 'Vacaciones'),
(1641, 510542, 'Primas extralegales'),
(1642, 510545, 'Auxilios'),
(1643, 510548, 'Bonificaciones'),
(1644, 510551, 'Dotación y suministro a trabajadores'),
(1645, 510554, 'Seguros'),
(1646, 510557, 'Cuotas partes pensiones de jubilación'),
(1647, 510558, 'Amortiz cálculo actuarial pens de jubilación'),
(1648, 510559, 'Pensiones de jubilación'),
(1649, 510560, 'Indemnizaciones laborales'),
(1650, 510561, 'Amortización bonos pensionales'),
(1651, 510562, 'Amortización títulos pensionales'),
(1652, 510563, 'Capacitación al personal'),
(1653, 510566, 'Gastos deportivos y de recreación'),
(1654, 510568, 'Aportes a administrador de riesgos profes ARP'),
(1655, 510569, 'Aportes a entidades promotoras de salud EPS'),
(1656, 510570, 'Aportes a fondos de pensiones y/o cesantías'),
(1657, 510572, 'Aportes cajas de compensación familiar'),
(1658, 510575, 'Aportes ICBF'),
(1659, 510578, 'SENA'),
(1660, 510581, 'Aportes sindicales'),
(1661, 510584, 'Gastos médicos y drogas'),
(1662, 510595, 'Otros'),
(1663, 510599, '*Ajustes por inflación'),
(1664, 5110, 'HONORARIOS'),
(1665, 511005, 'Junta directiva'),
(1666, 511010, 'Revisoría fiscal'),
(1667, 511015, 'Auditoría externa'),
(1668, 511020, 'Avalúos'),
(1669, 511025, 'Asesoría jurídica'),
(1670, 511030, 'Asesoría financiera'),
(1671, 511035, 'Asesoría técnica'),
(1672, 511095, 'Otros'),
(1673, 511099, '*Ajustes por inflación'),
(1674, 5115, 'IMPUESTOS'),
(1675, 511505, 'Industria y comercio'),
(1676, 511510, 'De timbres'),
(1677, 511515, 'A la propiedad raíz'),
(1678, 511520, 'Derechos sobre instrumentos públicos'),
(1679, 511525, 'De valorización'),
(1680, 511530, 'De turismo'),
(1681, 511535, 'Tasa por utilización de puertos'),
(1682, 511540, 'De vehículos'),
(1683, 511545, 'Espectáculos públicos'),
(1684, 511550, 'Cuotas de fomento'),
(1685, 511570, 'IVA descontable'),
(1686, 511595, 'Otros'),
(1687, 511599, '*Ajustes por inflación'),
(1688, 5120, 'ARRENDAMIENTOS'),
(1689, 512005, 'Terrenos'),
(1690, 512010, 'Construcciones y edificaciones'),
(1691, 512015, 'Maquinaria y equipo'),
(1692, 512020, 'Equipo de oficina'),
(1693, 512025, 'Equipo de computación y comunicación'),
(1694, 512030, 'Equipo médico-científico'),
(1695, 512035, 'Equipo de hoteles y restaurantes'),
(1696, 512040, 'Flota y equipo de transporte'),
(1697, 512045, 'Flota y equipo fluvial y/o marítimo'),
(1698, 512050, 'Flota y equipo aéreo'),
(1699, 512055, 'Flota y equipo férreo'),
(1700, 512060, 'Acueductos, plantas y redes'),
(1701, 512065, 'Aeródromos'),
(1702, 512070, 'Semovientes'),
(1703, 512095, 'Otros'),
(1704, 512099, '*Ajustes por inflación'),
(1705, 5125, 'CONTRIBUCIONES Y AFILIACIONES'),
(1706, 512505, 'Contribuciones'),
(1707, 512510, 'Afiliaciones y sostenimiento'),
(1708, 512599, '*Ajustes por inflación'),
(1709, 5130, 'SEGUROS'),
(1710, 513005, 'Manejo'),
(1711, 513010, 'Cumplimiento'),
(1712, 513015, 'Corriente débil'),
(1713, 513020, 'Vida colectiva'),
(1714, 513025, 'Incendio'),
(1715, 513030, 'Terremoto'),
(1716, 513035, 'Sustracción y hurto'),
(1717, 513040, 'Flota y equipo de transporte'),
(1718, 513045, 'Flota y equipo fluvial y/o marítimo'),
(1719, 513050, 'Flota y equipo aéreo'),
(1720, 513055, 'Flota y equipo férreo'),
(1721, 513060, 'Responsabilidad civil y extracontractual'),
(1722, 513065, 'Vuelo'),
(1723, 513070, 'Rotura de maquinaria'),
(1724, 513075, 'Obligatorio accidente de tránsito'),
(1725, 513080, 'Lucro cesante'),
(1726, 513085, 'Transporte de mercancía'),
(1727, 513095, 'Otros'),
(1728, 513099, '*Ajustes por inflación'),
(1729, 5135, 'SERVICIOS'),
(1730, 513505, 'Aseo y vigilancia'),
(1731, 513510, 'Temporales'),
(1732, 513515, 'Asistencia técnica'),
(1733, 513520, 'Procesamiento electrónico de datos'),
(1734, 513525, 'Acueducto y alcantarillado'),
(1735, 513530, 'Energía eléctrica'),
(1736, 513535, 'Teléfono'),
(1737, 513540, 'Correo, portes y telegramas'),
(1738, 513545, 'Fax y télex'),
(1739, 513550, 'Transporte, fletes y acarreos'),
(1740, 513555, 'Gas'),
(1741, 513595, 'Otros'),
(1742, 513599, '*Ajustes por inflación'),
(1743, 5140, 'GASTOS LEGALES'),
(1744, 514005, 'Notariales'),
(1745, 514010, 'Registro mercantil'),
(1746, 514015, 'Trámites y licencias'),
(1747, 514020, 'Aduaneros'),
(1748, 514025, 'Consulares'),
(1749, 514095, 'Otros'),
(1750, 514099, '*Ajustes por inflación'),
(1751, 5145, 'MANTENIMIENTO Y REPARACIONES'),
(1752, 514505, 'Terrenos'),
(1753, 514510, 'Construcciones y edificaciones'),
(1754, 514515, 'Maquinaria y equipo'),
(1755, 514520, 'Equipo de oficina'),
(1756, 514525, 'Equipo de computación y comunicación'),
(1757, 514530, 'Equipo médico-científico'),
(1758, 514535, 'Equipo de hoteles y restaurantes'),
(1759, 514540, 'Flota y equipo de transporte'),
(1760, 514545, 'Flota y equipo fluvial y/o marítimo'),
(1761, 514550, 'Flota y equipo aéreo'),
(1762, 514555, 'Flota y equipo férreo'),
(1763, 514560, 'Acueductos, plantas y redes'),
(1764, 514565, 'Armamento de vigilancia'),
(1765, 514570, 'Vías de comunicación'),
(1766, 514599, '*Ajustes por inflación'),
(1767, 5150, 'ADECUACIÓN E INSTALACIÓN'),
(1768, 515005, 'Instalaciones eléctricas'),
(1769, 515010, 'Arreglos ornamentales'),
(1770, 515015, 'Reparaciones locativas'),
(1771, 515095, 'Otros'),
(1772, 515099, '*Ajustes por inflación'),
(1773, 5155, 'GASTOS DE VIAJE'),
(1774, 515505, 'Alojamiento y manutención'),
(1775, 515510, 'Pasajes fluviales y/o marítimos'),
(1776, 515515, 'Pasajes aéreos'),
(1777, 515520, 'Pasajes terrestres'),
(1778, 515525, 'Pasajes férreos'),
(1779, 515595, 'Otros'),
(1780, 515599, '*Ajustes por inflación'),
(1781, 5160, 'DEPRECIACIONES'),
(1782, 516005, 'Construcciones y edificaciones'),
(1783, 516010, 'Maquinaria y equipo'),
(1784, 516015, 'Equipo de oficina'),
(1785, 516020, 'Equipo de computación y comunicación'),
(1786, 516025, 'Equipo médico-científico'),
(1787, 516030, 'Equipo de hoteles y restaurantes'),
(1788, 516035, 'Flota y equipo de transporte'),
(1789, 516040, 'Flota y equipo fluvial y/o marítimo'),
(1790, 516045, 'Flota y equipo aéreo'),
(1791, 516050, 'Flota y equipo férreo'),
(1792, 516055, 'Acueductos, plantas y redes'),
(1793, 516060, 'Armamento de vigilancia'),
(1794, 516099, '*Ajustes por inflación'),
(1795, 5165, 'AMORTIZACIONES'),
(1796, 516505, 'Vías de comunicación'),
(1797, 516510, 'Intangibles'),
(1798, 516515, 'Cargos diferidos'),
(1799, 516595, 'Otras'),
(1800, 516599, '*Ajustes por inflación'),
(1801, 5195, 'DIVERSOS'),
(1802, 519505, 'Comisiones'),
(1803, 519510, 'Libros, suscripciones, periódicos y revistas'),
(1804, 519515, 'Música ambiental'),
(1805, 519520, 'Gastos de representac/n y relaciones públicas'),
(1806, 519525, 'Elementos de aseo y cafetería'),
(1807, 519530, 'Útiles, papelería y fotocopias'),
(1808, 519535, 'Combustibles y lubricantes'),
(1809, 519540, 'Envases y empaques'),
(1810, 519545, 'Taxis y buses'),
(1811, 519550, 'Estampillas'),
(1812, 519555, 'Microfilmación'),
(1813, 519560, 'Casino y restaurante'),
(1814, 519565, 'Parqueaderos'),
(1815, 519570, 'Indemnización por daños a terceros'),
(1816, 519575, 'Pólvora y similares'),
(1817, 519595, 'Otros'),
(1818, 519599, '*Ajustes por inflación'),
(1819, 5199, 'PROVISIONES'),
(1820, 519905, 'Inversiones'),
(1821, 519910, 'Deudores'),
(1822, 519915, 'Propiedades, planta y equipo'),
(1823, 519995, 'Otros activos'),
(1824, 519999, '*Ajustes por inflación'),
(1825, 52, 'OPERACIONALES DE VENTAS'),
(1826, 5205, 'GASTOS DE PERSONAL'),
(1827, 520503, 'Salario integral'),
(1828, 520506, 'Sueldos'),
(1829, 520512, 'Jornales'),
(1830, 520515, 'Horas extras y recargos'),
(1831, 520518, 'Comisiones'),
(1832, 520521, 'Viáticos'),
(1833, 520524, 'Incapacidades'),
(1834, 520527, 'Auxilio de transporte'),
(1835, 520530, 'Cesantías'),
(1836, 520533, 'Intereses sobre cesantías'),
(1837, 520536, 'Prima de Servicios'),
(1838, 520539, 'Vacaciones'),
(1839, 520542, 'Primas extralegales'),
(1840, 520545, 'Auxilios'),
(1841, 520548, 'Bonificaciones'),
(1842, 520551, 'Dotación y suministro a trabajadores'),
(1843, 520554, 'Seguros'),
(1844, 520557, 'Cuotas partes pensiones de jubilación'),
(1845, 520558, 'Amortiz cálculo actuarial pens de jubilación'),
(1846, 520559, 'Pensiones de jubilación'),
(1847, 520560, 'Indemnizaciones laborales'),
(1848, 520561, 'Amortización bonos pensionales'),
(1849, 520562, 'Amortización títulos pensionales'),
(1850, 520563, 'Capacitación al personal'),
(1851, 520566, 'Gastos deportivos y de recreación'),
(1852, 520568, 'Aportes a administrador de riesgos profes ARP'),
(1853, 520569, 'Aportes a entidades promotoras de salud EPS'),
(1854, 520570, 'Aportes a fondos de pensiones y/o cesantías'),
(1855, 520572, 'Aportes cajas de compensación familiar'),
(1856, 520575, 'Aportes ICBF'),
(1857, 520578, 'SENA'),
(1858, 520581, 'Aportes sindicales'),
(1859, 520584, 'Gastos médicos y drogas'),
(1860, 520595, 'Otros'),
(1861, 520599, '*Ajustes por inflación'),
(1862, 5210, 'HONORARIOS'),
(1863, 521005, 'Junta directiva'),
(1864, 521010, 'Revisoría fiscal'),
(1865, 521015, 'Auditoria externa'),
(1866, 521020, 'Avaluos'),
(1867, 521025, 'Asesoría jurídica'),
(1868, 521030, 'Asesoría financiera'),
(1869, 521035, 'Asesoría técnica'),
(1870, 521095, 'Otros'),
(1871, 521099, '*Ajustes por inflación'),
(1872, 5215, 'IMPUESTOS'),
(1873, 521505, 'Industria y comercio'),
(1874, 521510, 'De timbres'),
(1875, 521515, 'A la propiedad raíz'),
(1876, 521520, 'Derechos sobre instrumentos públicos'),
(1877, 521525, 'De valorización'),
(1878, 521530, 'De turismo'),
(1879, 521535, 'Tasa por utilización de puertos'),
(1880, 521540, 'De vehículos'),
(1881, 521545, 'De espectáculos públicos'),
(1882, 521550, 'Cuotas de fomento'),
(1883, 521555, 'Licores'),
(1884, 521560, 'Cervezas'),
(1885, 521565, 'Cigarrillos'),
(1886, 521570, 'IVA descontable'),
(1887, 521595, 'Otros'),
(1888, 521599, '*Ajustes por inflación'),
(1889, 5220, 'ARRENDAMIENTOS'),
(1890, 522005, 'Terrenos'),
(1891, 522010, 'Construcciones y edificaciones'),
(1892, 522015, 'Maquinaria y equipo'),
(1893, 522020, 'Equipo de oficina'),
(1894, 522025, 'Equipo de computación y comunicación'),
(1895, 522030, 'Equipo médico-científico'),
(1896, 522035, 'Equipo de hoteles y restaurantes'),
(1897, 522040, 'Flota y equípo de transporte'),
(1898, 522045, 'Flota y equipo fluvial y/o marítimo'),
(1899, 522050, 'Flota y equipo aéreo'),
(1900, 522055, 'Flota y equipo férreo'),
(1901, 522060, 'Acueductos, plantas y redes'),
(1902, 522065, 'Aeródromos'),
(1903, 522070, 'Semovientes'),
(1904, 522095, 'Otros'),
(1905, 522099, '*Ajustes por inflación'),
(1906, 5225, 'CONTRIBUCIONES Y AFILIACIONES'),
(1907, 522505, 'Contribuciones'),
(1908, 522510, 'Afiliaciones y sostenimiento'),
(1909, 522599, '*Ajustes por inflación'),
(1910, 5230, 'SEGUROS'),
(1911, 523005, 'Manejo'),
(1912, 523010, 'Cumplimiento'),
(1913, 523015, 'Corriente débil'),
(1914, 523020, 'Vida colectiva'),
(1915, 523025, 'Incendio'),
(1916, 523030, 'Terremoto'),
(1917, 523035, 'Sustracción y hurto'),
(1918, 523040, 'Flota y equipo de transporte'),
(1919, 523045, 'Flota y equipo fluvial y/o marítimo'),
(1920, 523050, 'Flota y equipo aéreo'),
(1921, 523055, 'Flota y equipo férreo'),
(1922, 523060, 'Responsabilidad civil y extracontractual'),
(1923, 523065, 'Vuelo'),
(1924, 523070, 'Rotura de maquinaria'),
(1925, 523075, 'Obligatorio accidente de tránsito'),
(1926, 523080, 'Lucro cesante'),
(1927, 523095, 'Otros'),
(1928, 523099, '*Ajustes por inflación'),
(1929, 5235, 'SERVICIOS'),
(1930, 523505, 'Aseo y vigilancia'),
(1931, 523510, 'Temporales'),
(1932, 523515, 'Asistencia técnica'),
(1933, 523520, 'Procesamiento electrónico de datos'),
(1934, 523525, 'Acueducto y alcantarillado'),
(1935, 523530, 'Energía eléctrica'),
(1936, 523535, 'Teléfono'),
(1937, 523540, 'Correo, portes y telegramas'),
(1938, 523545, 'Fax y télex'),
(1939, 523550, 'Transporte, fletes y acarreos'),
(1940, 523555, 'Gas'),
(1941, 523560, 'Publicidad, propaganda y promoción'),
(1942, 523595, 'Otros'),
(1943, 523599, '*Ajustes por inflación'),
(1944, 5240, 'GASTOS LEGALES'),
(1945, 524005, 'Notariales'),
(1946, 524010, 'Registro mercantil'),
(1947, 524015, 'Trámites y licencias'),
(1948, 524020, 'Aduaneros'),
(1949, 524025, 'Consulares'),
(1950, 524095, 'Otros'),
(1951, 524099, '*Ajustes por inflación'),
(1952, 5245, 'MANTENIMIENTO Y REPARACIONES'),
(1953, 524505, 'Terrenos'),
(1954, 524510, 'Construcciones y edificaciones'),
(1955, 524515, 'Maquinaria y equipo'),
(1956, 524520, 'Equipo de oficina'),
(1957, 524525, 'Equipo de computación y comunicación'),
(1958, 524530, 'Equipo médico-científico'),
(1959, 524535, 'Equipo de hoteles y restaurantes'),
(1960, 524540, 'Flota y equipo de transporte'),
(1961, 524545, 'Flota y equipo fluvial y/o marítimo'),
(1962, 524550, 'Flota y equipo aéreo'),
(1963, 524555, 'Flota y equipo férreo'),
(1964, 524560, 'Acueductos, plantas y redes'),
(1965, 524565, 'Armamento de vigilancia'),
(1966, 524570, 'Vías de comunicación'),
(1967, 524599, '*Ajustes por inflación'),
(1968, 5250, 'ADECUACIÓN E INSTALACIÓN'),
(1969, 525005, 'Instalaciones eléctricas'),
(1970, 525010, 'Arreglos ornamentales'),
(1971, 525015, 'Reparaciones locativas'),
(1972, 525095, 'Otros'),
(1973, 525099, '*Ajustes por inflación'),
(1974, 5255, 'GASTOS DE VIAJE'),
(1975, 525505, 'Alojamiento y manutención'),
(1976, 525510, 'Pasajes fluviales y/o marítimos'),
(1977, 525515, 'Pasajes aéreos'),
(1978, 525520, 'Pasajes terrestres'),
(1979, 525525, 'Pasajes férreos'),
(1980, 525595, 'Otros'),
(1981, 525599, '*Ajustes por inflación'),
(1982, 5260, 'DEPRECIACIONES'),
(1983, 526005, 'Construcciones y edificaciones'),
(1984, 526010, 'Maquinaria y equipo'),
(1985, 526015, 'Equipo de oficina'),
(1986, 526020, 'Equipo de computación y comunicación'),
(1987, 526025, 'Equipo médico-científico'),
(1988, 526030, 'Equipo de hoteles y restaurantes'),
(1989, 526035, 'Flota y equipo de transporte'),
(1990, 526040, 'Flota y equipo fluvial y/o marítimo'),
(1991, 526045, 'Flota y equipo aéreo'),
(1992, 526050, 'Flota y equipo férreo'),
(1993, 526055, 'Acueductos, plantas y redes'),
(1994, 526060, 'Armamento de vigilancia'),
(1995, 526065, 'Envases y empaques'),
(1996, 526099, '*Ajustes por inflación'),
(1997, 5265, 'AMORTIZACIONES'),
(1998, 526505, 'Vías de comunicación'),
(1999, 526510, 'Intangibles'),
(2000, 526515, 'Cargos diferidos'),
(2001, 526595, 'Otras'),
(2002, 526599, '*Ajustes por inflación'),
(2003, 5270, 'FINANCIEROS-REAJUSTE DEL SISTEMA'),
(2004, 527099, '*Ajustes por inflación'),
(2005, 5275, 'PÉRDIDAS MÉTODO DE PARTICIPACIÓN'),
(2006, 527505, 'De sociedades anónimas y/o asimiladas'),
(2007, 527510, 'De sociedades limitadas y/o asimiladas'),
(2008, 5295, 'DIVERSOS'),
(2009, 529505, 'Comisiones'),
(2010, 529510, 'Libros, suscripciones, periódicos y revistas'),
(2011, 529515, 'Música ambiental'),
(2012, 529520, 'Gastos de representac/n y relaciones públicas'),
(2013, 529525, 'Elementos de aseo y cafetería'),
(2014, 529530, 'Útiles, papelería y fotocopias'),
(2015, 529535, 'Combustibles y lubricantes'),
(2016, 529540, 'Envases y empaques'),
(2017, 529545, 'Taxis y buses'),
(2018, 529550, 'Estampillas'),
(2019, 529555, 'Microfilmación'),
(2020, 529560, 'Casino y restaurante'),
(2021, 529565, 'Parqueaderos'),
(2022, 529570, 'Indemnización por daños a terceros'),
(2023, 529575, 'Pólvora y similares'),
(2024, 529595, 'Otros'),
(2025, 529599, '*Ajustes por inflación'),
(2026, 5299, 'PROVISIONES'),
(2027, 529905, 'Inversiones'),
(2028, 529910, 'Deudores'),
(2029, 529915, 'Inventarios'),
(2030, 529920, 'Propiedades, planta y equipo'),
(2031, 529995, 'Otros activos'),
(2032, 529999, '*Ajustes por inflación'),
(2033, 53, 'NO OPERACIONALES'),
(2034, 5305, 'FINANCIEROS'),
(2035, 530505, 'Gastos bancarios'),
(2036, 530510, 'Reajuste monetario-UPAC'),
(2037, 530515, 'Comisiones'),
(2038, 530520, 'Intereses'),
(2039, 530525, 'Diferencia en cambio'),
(2040, 530530, 'Gastos en negociac/n certificados de cambio'),
(2041, 530535, 'Descuentos comerciales condicionados'),
(2042, 530540, 'Gastos manejo y emisión de bonos'),
(2043, 530545, 'Prima amortizada'),
(2044, 530595, 'Otros'),
(2045, 530599, '*Ajustes por inflación'),
(2046, 5310, 'PÉRDIDA EN VENTA Y RETIRO DE BIENES'),
(2047, 531005, 'Venta de inversiones'),
(2048, 531010, 'Venta de cartera'),
(2049, 531015, 'Venta de propiedades, planta y equipo'),
(2050, 531020, 'Venta de intangibles'),
(2051, 531025, 'Venta de otros activos'),
(2052, 531030, 'Retiro de propiedes, planta y equipo'),
(2053, 531035, 'Retiro de otros activos'),
(2054, 531040, 'Pérdidas por siniestros'),
(2055, 531095, 'Otros'),
(2056, 531099, '*Ajustes por inflación'),
(2057, 5313, 'PÉRDIDAS MÉTODO DE PARTICIPACIÓN'),
(2058, 531305, 'De sociedades anónimas y/o asimiladas'),
(2059, 531310, 'De sociedades limitadas y/o asimiladas'),
(2060, 5315, 'GASTOS EXTRAORDINARIOS'),
(2061, 531505, 'Costas y procesos judiciales'),
(2062, 531510, 'Actividades culturales y cívicas'),
(2063, 531515, 'Costos y gastos de ejercicios anteriores'),
(2064, 531520, 'Impuestos asumidos'),
(2065, 531595, 'Otros'),
(2066, 531599, '*Ajustes por inflación'),
(2067, 5395, 'GASTOS DIVERSOS'),
(2068, 539505, 'Demandas laborales'),
(2069, 539510, 'Demandas por incumplimiento de contratos'),
(2070, 539515, 'Indemnizaciones'),
(2071, 539520, 'Multas, sanciones y litigios'),
(2072, 539525, 'Donaciones'),
(2073, 539530, 'Constitución de garantías'),
(2074, 539535, 'Amortiz de bienes entregados en comodato'),
(2075, 539595, 'Otros'),
(2076, 539599, '*Ajustes por inflación'),
(2077, 54, 'IMPUESTO DE RENTA Y COMPLEMENTARIOS'),
(2078, 5405, 'IMPUESTO DE RENTA Y COMPLEMENTARIOS'),
(2079, 540505, 'Impuesto de renta y complementarios'),
(2080, 59, 'GANANCIAS Y PÉRDIDAS'),
(2081, 5905, 'GANANCIAS Y PÉRDIDAS'),
(2082, 590505, 'Ganancias y pérdidas'),
(2083, 6, 'COSTOS DE VENTAS'),
(2084, 61, 'COSTO DE VENTAS Y DE PRESTACIÓN DE SERVI'),
(2085, 6105, 'AGRICULTURA, GANADERÍA, CAZA Y SILVICULTU'),
(2086, 610505, 'Cultivos de cereales'),
(2087, 610510, 'Cultiv de hortalizas legumbres y plant ornam'),
(2088, 610515, 'Cultivos de frutas nueces y plantas aromática'),
(2089, 610520, 'Cultivo de café'),
(2090, 610525, 'Cultivo de flores'),
(2091, 610530, 'Cultivo de caña de azúcar'),
(2092, 610535, 'Cultivo de algodón y plantas para mat textil'),
(2093, 610540, 'Cultivo de banano'),
(2094, 610545, 'Otros cultivos agrícolas'),
(2095, 610550, 'Cría ovejas,cabras,asnos mulas y burdéganos'),
(2096, 610555, 'Cría de ganado caballar y vacuno'),
(2097, 610560, 'Producción avícola'),
(2098, 610565, 'Cría de otros animales'),
(2099, 610570, 'Servicios agrícolas y ganaderos'),
(2100, 610575, 'Actividad de caza'),
(2101, 610580, 'Actividad de silvicultura'),
(2102, 610595, 'Actividades conexas'),
(2103, 610599, '*Ajustes por inflación'),
(2104, 6110, 'PESCA'),
(2105, 611005, 'Actividad de pesca'),
(2106, 611010, 'Explotación de criaderos de peces'),
(2107, 611095, 'Actividades conexas'),
(2108, 611099, '*Ajustes por inflación'),
(2109, 6115, 'EXPLOTACIÓN DE MINAS Y CANTERAS'),
(2110, 611505, 'Carbón'),
(2111, 611510, 'Petróleo crudo'),
(2112, 611512, 'Gas natural'),
(2113, 611514, 'Servicios relac con extracc de petróleo y gas'),
(2114, 611515, 'Minerales de hierro'),
(2115, 611520, 'Minerales metalíferos no ferrosos'),
(2116, 611525, 'Piedra, arena y arcilla'),
(2117, 611527, 'Piedras preciosas'),
(2118, 611528, 'Oro'),
(2119, 611530, 'Otras minas y canteras'),
(2120, 611532, 'Prestación de Servicios sector minero'),
(2121, 611595, 'Actividades conexas'),
(2122, 611599, '*Ajustes por inflación'),
(2123, 6120, 'INDUSTRIAS MANUFACTURERAS'),
(2124, 612001, 'Producc/n y proces/to de carnes y prods cárn'),
(2125, 612002, 'Productos de pescado'),
(2126, 612003, 'Productos de frutas, legumbres y hortalizas'),
(2127, 612004, 'Elaboración de aceites y grasas'),
(2128, 612005, 'Elaboración de productos lácteos'),
(2129, 612006, 'Elaboración de productos de molinería'),
(2130, 612007, 'Elaboración de almidones y derivados'),
(2131, 612008, 'Elaboración de alimentos para animales'),
(2132, 612009, 'Elaboración de productos para panadería'),
(2133, 612010, 'Elaboración de azúcar y melazas'),
(2134, 612011, 'Elaboración de cacao, chocolate y confitería'),
(2135, 612012, 'Elaboración de pastas y productos farináceos'),
(2136, 612013, 'Elaboración de productos de café'),
(2137, 612014, 'Elaboración de otros productos alimenticios'),
(2138, 612015, 'Elab. de bebidas alcohólica y alcohol etílico'),
(2139, 612016, 'Elaboración de vinos'),
(2140, 612017, 'Elaboración de bebidas malteadas y de malta'),
(2141, 612018, 'Elaboración de bebidas no alcohólicas'),
(2142, 612019, 'Elaboración de productos de tabaco'),
(2143, 612020, 'Prep e hilatura de fibras textils y tejeduría'),
(2144, 612021, 'Acabado de productos textiles'),
(2145, 612022, 'Elab. de artículos de materiales textiles'),
(2146, 612023, 'Elaboración de tapices y alfombras'),
(2147, 612024, 'Elab. de cuerdas,cordeles,bramantes y redes'),
(2148, 612025, 'Elaboración de otros productos textiles'),
(2149, 612026, 'Elaboración de tejidos'),
(2150, 612027, 'Elaboración de prendas de vestir'),
(2151, 612028, 'Preparación, adobo y teñido de pieles'),
(2152, 612029, 'Curtido, adobo o preparación de cuero'),
(2153, 612030, 'Elaboración de maletas, bolsos y similares'),
(2154, 612031, 'Elaboración de calzado'),
(2155, 612032, 'Producc/n de madera,arts de madera y corcho'),
(2156, 612033, 'Elab. de pasta y productos de madera pap cart'),
(2157, 612034, 'Ediciones y publicaciones'),
(2158, 612035, 'Impresión'),
(2159, 612036, 'Servicios relac con la edición y la impresión'),
(2160, 612037, 'Reproducción de grabaciones'),
(2161, 612038, 'Elab. de productos de horno de coque'),
(2162, 612039, 'Elab. de productos de la refinac de petróleo'),
(2163, 612040, 'Elab. de sustancias quimicas básicas'),
(2164, 612041, 'Elab. de abonos y compuestos de nitrógeno'),
(2165, 612042, 'Elaboración de plástico y caucho sintético'),
(2166, 612043, 'Elab. de prods químicos de uso agropecuario'),
(2167, 612044, 'Elaboración de pinturas tintas y masillas'),
(2168, 612045, 'Elab. de productos farmacéutic y botánicos'),
(2169, 612046, 'Elab.de jabones,detergentes y prep de tocador'),
(2170, 612047, 'Elab. de otros productos químicos'),
(2171, 612048, 'Elaboración de fibras'),
(2172, 612049, 'Elab. de otros productos de caucho'),
(2173, 612050, 'Elaboración de productos de plástico'),
(2174, 612051, 'Elaboración de vidrio y productos de vidrio'),
(2175, 612052, 'Elab. de prods de cerámica,loza,piedra y ot'),
(2176, 612053, 'Elaboración de cemento, cal y yeso'),
(2177, 612054, 'Elab. de arts de hormigón, cemento y yeso'),
(2178, 612055, 'Corte, tallado y acabado de la piedra'),
(2179, 612056, 'Elab. de otros prodcts minerales no metálicos'),
(2180, 612057, 'Ind básicas y fundición de hierro y acero'),
(2181, 612058, 'Prods primarios de metales prec y no ferrosos'),
(2182, 612059, 'Fundición de metales no ferrosos'),
(2183, 612060, 'Fabricación de prods metal para uso estructur'),
(2184, 612061, 'Forja,prens,estamp,laminado de metal y pulvim'),
(2185, 612062, 'Revest de metales y obras de ingen. mecánica'),
(2186, 612063, 'Fabricación de artículos de ferretería'),
(2187, 612064, 'Elaboración de otros productos de metal'),
(2188, 612065, 'Fabricación de maquinaria y equipo'),
(2189, 612066, 'Fabricación de equip de elevac y manipulación'),
(2190, 612067, 'Elaboración de aparatos de uso doméstico'),
(2191, 612068, 'Elaboración de equipo de oficina'),
(2192, 612069, 'Elaboración de pilas y baterías primarias'),
(2193, 612070, 'Elaboración de equipo de iluminación'),
(2194, 612071, 'Elab. de otros tipos de equipo eléctrico'),
(2195, 612072, 'Fabricación de equipo de radio t.v y comunic'),
(2196, 612073, 'Fabricación de aparatos e instrumento médicos'),
(2197, 612074, 'Fabricación de instrum de medición y control'),
(2198, 612075, 'Fabric/n de instrum de óptica y equip fotogr'),
(2199, 612076, 'Fabricación de relojes'),
(2200, 612077, 'Fabricación de vehículos automotores'),
(2201, 612078, 'Fabricación de carrocerías para autos'),
(2202, 612079, 'Fabricaci de partes, piez y acces para autos'),
(2203, 612080, 'Fabricac/n y repar de buques y otras embarcac'),
(2204, 612081, 'Fabric/n de locomot y material rodante ferroc'),
(2205, 612082, 'Fabricación de aeronaves'),
(2206, 612083, 'Fabricación de motocicletas'),
(2207, 612084, 'Fabricación de bicicletas y sillas de ruedas'),
(2208, 612085, 'Fabricación de otros tipos de transporte'),
(2209, 612086, 'Fabricación de muebles'),
(2210, 612087, 'Fabricación de joyas y artículos conexos'),
(2211, 612088, 'Fabricación de instrumentos de música'),
(2212, 612089, 'Fabricación de artíc/ls y equipo para deporte'),
(2213, 612090, 'Fabricación de juegos y juguetes'),
(2214, 612091, 'Reciclamiento de desperdicios'),
(2215, 612095, 'Productos de otras industrias manufactureras'),
(2216, 612099, '*Ajustes por inflación'),
(2217, 6125, 'SUMINISTRO DE ELECTRICIDAD, GAS Y AGUA'),
(2218, 612505, 'Generac captac y distrib de energía eléctrica'),
(2219, 612510, 'Fabric/n de gas y distrib de combust gaseosos'),
(2220, 612515, 'Captación,depuración y distribución de agua'),
(2221, 612595, 'Actividades conexas'),
(2222, 612599, '*Ajustes por inflación'),
(2223, 6130, 'CONSTRUCCIÓN'),
(2224, 613005, 'Preparación de terrenos'),
(2225, 613010, 'Construcc de edific y obras de ingenier civil'),
(2226, 613015, 'Acondicionamiento de edificios'),
(2227, 613020, 'Terminación de edificaciones'),
(2228, 613025, 'Alquiler de equipo con operario'),
(2229, 613095, 'Actividades conexas'),
(2230, 613099, '*Ajustes por inflación'),
(2231, 6135, 'COMERCIO AL POR MAYOR Y AL POR MENOR'),
(2232, 613502, 'Venta de vehículos automotores'),
(2233, 613504, 'Manten/to reparac y lavado de vehic automots'),
(2234, 613506, 'Venta de partes piezas y acces de veh automot'),
(2235, 613508, 'Venta de combust sólidos líquidos gaseosos'),
(2236, 613510, 'Venta de lubric aditivos llantas y lujos auto'),
(2237, 613512, 'Venta a cambio de retribución o por contrata'),
(2238, 613514, 'Vta de insum materias primas agrop y flores'),
(2239, 613516, 'Vta de otros insum y materias prim no agrop.'),
(2240, 613518, 'Venta de animales vivos y cueros'),
(2241, 613520, 'Venta de prods en almacenes no especializados'),
(2242, 613522, 'Venta de productos agropecuarios'),
(2243, 613524, 'Venta de prods textiles vest cuero  y calzado'),
(2244, 613526, 'Venta de papel y cartón'),
(2245, 613528, 'Venta de libr rev elem pap útiles y texto esc'),
(2246, 613530, 'Venta de juegos juguetes y art deportivos'),
(2247, 613532, 'Venta de instrum quirúrgicos y ortopédicos'),
(2248, 613534, 'Venta de artículos de relojerías y joyerías'),
(2249, 613536, 'Venta de electrodomésticos y muebles'),
(2250, 613538, 'Vta de prods de aseo,farmac,médicin y art toc'),
(2251, 613540, 'Vta de cubiertos,vajillas,cristalería,porcel'),
(2252, 613542, 'Vta de mater de construcc fontan y calefacc'),
(2253, 613544, 'Venta de pinturas y lacas'),
(2254, 613546, 'Venta de prods de vidrios y marquetería'),
(2255, 613548, 'Venta de herramientas y artícul de ferretería'),
(2256, 613550, 'Venta de químicos'),
(2257, 613552, 'Venta de prod interm,desperdicios y desechos'),
(2258, 613554, 'Venta de maq. equipo de ofic. progr computad.'),
(2259, 613556, 'Venta de art en cacharrerías y misceláneas'),
(2260, 613558, 'Venta de instrumentos musicales'),
(2261, 613560, 'Venta de arts en casas de empeño y prenderías'),
(2262, 613562, 'Venta de equipo fotográfico'),
(2263, 613564, 'Venta de equipo óptico y de precisión'),
(2264, 613566, 'Venta de empaques'),
(2265, 613568, 'Venta de equipo profesional y científico'),
(2266, 613570, 'Vta de loterías,rifas,chance,apuestas y sim'),
(2267, 613572, 'Reparac de efectos personales y electrodomést'),
(2268, 613595, 'Venta de otros productos'),
(2269, 613599, '*Ajustes por inflación'),
(2270, 6140, 'HOTELES Y RESTAURANTES'),
(2271, 614005, 'Hotelería'),
(2272, 614010, 'Campamento y otros tipos de hospedaje'),
(2273, 614015, 'Restaurantes'),
(2274, 614020, 'Bares y cantinas'),
(2275, 614095, 'Actividades conexas'),
(2276, 614099, '*Ajustes por inflación'),
(2277, 6145, 'TRANSPORTE, ALMACENAMIENTO Y COMUNICAC'),
(2278, 614505, 'Servicio de transporte por carretera'),
(2279, 614510, 'Servicio de transporte por vía férrea'),
(2280, 614515, 'Servicio de transporte por vía acuática'),
(2281, 614520, 'Servicio de transporte por vía aérea'),
(2282, 614525, 'Servicio de transporte por tuberías'),
(2283, 614530, 'Manipulación de carga'),
(2284, 614535, 'Almacenamiento y depósito'),
(2285, 614540, 'Servicios complementarios para el transporte'),
(2286, 614545, 'Agencias de viaje'),
(2287, 614550, 'Otras agencias de transporte'),
(2288, 614555, 'Servicio postal y de correo'),
(2289, 614560, 'Servicio telefónico'),
(2290, 614565, 'Servicio de telégrafo'),
(2291, 614570, 'Servicio de transmisión de datos'),
(2292, 614575, 'Servicio de radio y televisión por cable'),
(2293, 614580, 'Transmisión de sonido e imágenes por contrato'),
(2294, 614595, 'Actividades conexas'),
(2295, 614599, '*Ajustes por inflación'),
(2296, 6150, 'ACTIVIDAD FINANCIERA'),
(2297, 615005, 'De inversiones'),
(2298, 615010, 'De servicio de bolsa'),
(2299, 615099, '*Ajustes por inflación'),
(2300, 6155, 'ACTIVIDADES INMOBIL/S, EMPRESAR/S Y DE ALQ'),
(2301, 615505, 'Arrendamiento de bienes inmuebles'),
(2302, 615510, 'Inmobiliarias por retribución o contrata'),
(2303, 615515, 'Alquiler equipo de transporte'),
(2304, 615520, 'Alquiler maquinaria y equipo'),
(2305, 615525, 'Alquiler de efectos personales y ens doméstic'),
(2306, 615530, 'Consultoría en equipo y progr de informática'),
(2307, 615535, 'Procesamiento de datos'),
(2308, 615540, 'Manten/to y reparac de maquinaria de oficina'),
(2309, 615545, 'Investigaciones científicas y de desarrollo'),
(2310, 615550, 'Actividades empresariales de consultoría'),
(2311, 615555, 'Publicidad'),
(2312, 615560, 'Dotación de personal'),
(2313, 615565, 'Investigación y seguridad'),
(2314, 615570, 'Limpieza de inmuebles'),
(2315, 615575, 'Fotografía'),
(2316, 615580, 'Envase y empaque'),
(2317, 615585, 'Fotocopiado'),
(2318, 615590, 'Manten/to y reparac. de maquinaria y equipo'),
(2319, 615595, 'Actividades conexas'),
(2320, 615599, '*Ajustes por inflación'),
(2321, 6160, 'ENSEÑANZA'),
(2322, 616005, 'Actividades relacionadas con la educación'),
(2323, 616095, 'Actividades conexas'),
(2324, 616099, '*Ajustes por inflación'),
(2325, 6165, 'SERVICIOS SOCIALES Y DE SALUD'),
(2326, 616505, 'Servicio hospitalario'),
(2327, 616510, 'Servicio médico'),
(2328, 616515, 'Servicio odontológico'),
(2329, 616520, 'Servicio de laboratorio'),
(2330, 616525, 'Actividades veterinarias'),
(2331, 616530, 'Actividad de servicios sociales'),
(2332, 616595, 'Actividades conexas'),
(2333, 616599, '*Ajustes por inflación'),
(2334, 6170, 'OTRAS ACTIVIDS DE SERVICS COMUNIT,SOC/L Y'),
(2335, 617005, 'Eliminación de desperdic y aguas residuales'),
(2336, 617010, 'Actividades de asociación'),
(2337, 617015, 'Producc y distribucc de filmes y videocintas'),
(2338, 617020, 'Exhibición de filmes y videocintas'),
(2339, 617025, 'Actividad de radio y televisión'),
(2340, 617030, 'Actividad teatral, musical y artística'),
(2341, 617035, 'Grabación y producción de discos'),
(2342, 617040, 'Entretenimiento y esparcimiento'),
(2343, 617045, 'Agencias de noticias'),
(2344, 617050, 'Lavanderías y similares'),
(2345, 617055, 'Peluquerías y similares'),
(2346, 617060, 'Servicios funerarios'),
(2347, 617065, 'Zonas francas'),
(2348, 617095, 'Actividades conexas'),
(2349, 617099, '*Ajustes por inflación'),
(2350, 62, 'COMPRAS'),
(2351, 6205, 'DE MERCANCÍAS'),
(2352, 620599, '*Ajustes por inflación'),
(2353, 6210, 'DE MATERIAS PRIMAS'),
(2354, 621099, '*Ajustes por inflación'),
(2355, 6215, 'DE MATERIALES INDIRECTOS'),
(2356, 621599, '*Ajustes por inflación'),
(2357, 6220, 'COMPRA DE ENERGÍA'),
(2358, 622099, '*Ajustes por inflación'),
(2359, 6225, 'DEVOLUCIONES EN COMPRAS (CR)'),
(2360, 622599, '*Ajustes por inflación'),
(2361, 7, 'COSTOS DE PRODUCCIÓN O DE OPERACIÓN'),
(2362, 71, 'MATERIA PRIMA'),
(2363, 72, 'MANO DE OBRA DIRECTA'),
(2364, 73, 'COSTOS INDIRECTOS'),
(2365, 74, 'CONTRATOS DE SERVICIOS'),
(2366, 8, 'CUENTAS DE ORDEN DEUDORAS'),
(2367, 81, 'DERECHOS CONTINGENTES'),
(2368, 8105, 'BIENES Y VALORES ENTREGADOS EN CUSTODIA'),
(2369, 810505, 'Valores mobiliarios'),
(2370, 810510, 'Bienes muebles'),
(2371, 810599, 'Ajustes por inflación'),
(2372, 8110, 'BIENES Y VALORES ENTREGADOS EN GARANTÍA'),
(2373, 811005, 'Valores mobiliarios'),
(2374, 811010, 'Bienes muebles'),
(2375, 811015, 'Bienes inmuebles'),
(2376, 811020, 'Contratos de ganado en participación'),
(2377, 811099, 'Ajustes por inflación'),
(2378, 8115, 'BIENES Y VALORES EN PODER DE TERCEROS'),
(2379, 811505, 'En arrendamiento'),
(2380, 811510, 'En préstamo'),
(2381, 811515, 'En depósito'),
(2382, 811520, 'En consignación'),
(2383, 811599, 'Ajustes por inflación'),
(2384, 8120, 'LITIGIOS Y/O DEMANDAS'),
(2385, 812005, 'Ejecutivos'),
(2386, 812010, 'Incumplimiento de contratos'),
(2387, 8125, 'PROMESAS DE COMPRAVENTA'),
(2388, 8195, 'DIVERSAS'),
(2389, 819505, 'Valores adquiridos por recibir'),
(2390, 819595, 'Otras'),
(2391, 819599, 'Ajustes por inflación'),
(2392, 82, 'DEUDORAS FISCALES'),
(2393, 83, 'DEUDORAS DE CONTROL'),
(2394, 8305, 'BIENES RECIBIDOS EN ARRENDAM/TO FINANCIE'),
(2395, 830505, 'Bienes muebles'),
(2396, 830510, 'Bienes inmuebles'),
(2397, 830599, 'Ajustes por inflación'),
(2398, 8310, 'TÍTULOS DE INVERSIÓN NO COLOCADOS'),
(2399, 831005, 'Acciones'),
(2400, 831010, 'Bonos'),
(2401, 831095, 'Otros'),
(2402, 8315, 'PROP PLANT Y EQUIP DEPREC AGOT Y AMORTIZ'),
(2403, 831506, 'Materiales proyectos petroleros'),
(2404, 831516, 'Construcciones y edificaciones'),
(2405, 831520, 'Maquinaria y equipo'),
(2406, 831524, 'Equipo de oficina'),
(2407, 831528, 'Equipo de computación y comunicación'),
(2408, 831532, 'Equipo médico-científico'),
(2409, 831536, 'Equipo de hoteles y restaurantes'),
(2410, 831540, 'Flota y equipo de transporte'),
(2411, 831544, 'Flota y equipo fluvial y/o marítimo'),
(2412, 831548, 'Flota y equipo aéreo'),
(2413, 831552, 'Flota y equipo férreo'),
(2414, 831556, 'Acueductos, plantas y redes'),
(2415, 831560, 'Armamento de vigilancia'),
(2416, 831562, 'Envases y empaques'),
(2417, 831564, 'Plantaciones agrícolas y forestales'),
(2418, 831568, 'Vías de comunicación'),
(2419, 831572, 'Minas y canteras'),
(2420, 831576, 'Pozos artesianos'),
(2421, 831580, 'Yacimientos'),
(2422, 831584, 'Semovientes'),
(2423, 831599, 'Ajustes por inflación'),
(2424, 8320, 'CRÉDITOS A FAVOR NO UTILIZADOS'),
(2425, 832005, 'País'),
(2426, 832010, 'Exterior'),
(2427, 8325, 'ACTIVOS CASTIGADOS'),
(2428, 832505, 'Inversiones'),
(2429, 832510, 'Deudores'),
(2430, 832595, 'Otros activos'),
(2431, 8330, 'TÍTULOS DE INVERSIÓN AMORTIZADOS'),
(2432, 833005, 'Bonos'),
(2433, 833095, 'Otros'),
(2434, 8335, 'CAPITALIZAC IÓN POR REVALORIZ  DE PATRIMO'),
(2435, 8395, 'OTRAS CUENTAS DEUDORAS DE CONTROL'),
(2436, 839505, 'Cheques posfechados'),
(2437, 839510, 'Certificados de depósito a término'),
(2438, 839515, 'Cheques devueltos'),
(2439, 839520, 'Bienes y valores en fideicomiso'),
(2440, 839525, 'Intereses sobre deudas vencidas'),
(2441, 839595, 'Diversas'),
(2442, 839599, 'Ajustes por inflación'),
(2443, 8399, 'AJUSTES POR INFLACIÓN ACTIVOS'),
(2444, 839905, 'Inversiones'),
(2445, 839910, 'Inventarios'),
(2446, 839915, 'Propiedades, planta y equipo'),
(2447, 839920, 'Intangibles'),
(2448, 839925, 'Cargos diferidos'),
(2449, 839995, 'Otros activos'),
(2450, 84, 'DERECHOS CONTINGENTES POR CONTRA (CR)'),
(2451, 85, 'DEUDORAS FISCALES POR CONTRA (CR)'),
(2452, 86, 'DEUDORAS DE CONTROL POR CONTRA (CR)'),
(2453, 9, 'CUENTAS DE ORDEN ACREEDORAS'),
(2454, 91, 'RESPONSABILIDADES CONTINGENTES'),
(2455, 9105, 'BIENES Y VALORES RECIBIDOS EN CUSTODIA'),
(2456, 910505, 'Valores mobiliarios'),
(2457, 910510, 'Bienes muebles'),
(2458, 910599, 'Ajustes por inflación'),
(2459, 9110, 'BIENES Y VALORES RECIBIDOS EN GARANTÍA'),
(2460, 911005, 'Valores mobiliarios');
INSERT INTO `plandecuenta_puc` (`id`, `num_cuenta`, `descripcion`) VALUES
(2461, 911010, 'Bienes muebles'),
(2462, 911015, 'Bienes inmuebles'),
(2463, 911020, 'Contratos de ganado en participación'),
(2464, 911099, 'Ajustes por inflación'),
(2465, 9115, 'BIENES Y VALORES RECIBIDOS DE TERCEROS'),
(2466, 911505, 'En arrendamiento'),
(2467, 911510, 'En préstamo'),
(2468, 911515, 'En depósito'),
(2469, 911520, 'En consignación'),
(2470, 911525, 'En comodato'),
(2471, 911599, 'Ajustes por inflación'),
(2472, 9120, 'LITIGIOS Y/O DEMANDAS'),
(2473, 912005, 'Laborales'),
(2474, 912010, 'Civiles'),
(2475, 912015, 'Administrativos o arbitrales'),
(2476, 912020, 'Tributarios'),
(2477, 9125, 'PROMESAS DE COMPRAVENTA'),
(2478, 9130, 'CONTRATOS DE ADMINISTRACIÓN DELEGADA'),
(2479, 9135, 'CUENTAS EN PARTICIPACIÓN'),
(2480, 9195, 'OTRAS RESPONSABILIDADES CONTINGENTES'),
(2481, 92, 'ACREEDORAS FISCALES'),
(2482, 93, 'ACREEDORAS DE CONTROL'),
(2483, 9305, 'CONTRATOS DE ARRENDAMIENTO FINANCIERO'),
(2484, 930505, 'Bienes muebles'),
(2485, 930510, 'Bienes inmuebles'),
(2486, 9395, 'OTRAS CUENTAS DE ORDEN ACREEDORAS DE C'),
(2487, 939505, 'Documentos por cobrar descontados'),
(2488, 939510, 'Convenios de pago'),
(2489, 939515, 'Contratos de construcc e instal. por ejecutar'),
(2490, 939525, 'Adjudicaciones pendientes de legalizar'),
(2491, 939530, 'Reserva artículo 3o. Ley 4a. de 1980'),
(2492, 939535, 'Reserva costo reposición semovientes'),
(2493, 939595, 'Diversas'),
(2494, 939599, 'Ajustes por inflación'),
(2495, 9399, 'AJUSTES POR INFLACIÓN PATRIMONIO'),
(2496, 939905, 'Capital social'),
(2497, 939910, 'Superávit de capital'),
(2498, 939915, 'Reservas'),
(2499, 939925, 'Divids o partic.decret en accs cuot int soc/l'),
(2500, 939930, 'Resultados de ejercicios anteriores'),
(2501, 94, 'RESPONSABILIDADES CONTINGENTES POR CON'),
(2502, 95, 'ACREEDORAS FISCALES POR CONTRA (DB)'),
(2503, 96, 'ACREEDORAS DE CONTROL POR CONTRA (DB)');

-- --------------------------------------------------------

--
-- Estructura de tabla para la tabla `plazo`
--

DROP TABLE IF EXISTS `plazo`;
CREATE TABLE IF NOT EXISTS `plazo` (
  `id` int(255) NOT NULL AUTO_INCREMENT,
  `decripcion` varchar(255) DEFAULT NULL,
  `num_dias` int(255) DEFAULT NULL,
  PRIMARY KEY (`id`)
) ENGINE=InnoDB AUTO_INCREMENT=7 DEFAULT CHARSET=latin1;

--
-- Volcado de datos para la tabla `plazo`
--

INSERT INTO `plazo` (`id`, `decripcion`, `num_dias`) VALUES
(1, 'plazo de 5 Dias', 5),
(2, 'plazo de 10 Dias', 10),
(3, 'plazo de 15 Dias', 15),
(4, 'plazo de 30 Dias', 30),
(5, 'plazo de 45 Dias', 45),
(6, 'plazo de 60 Dias', 60);

-- --------------------------------------------------------

--
-- Estructura de tabla para la tabla `product`
--

DROP TABLE IF EXISTS `product`;
CREATE TABLE IF NOT EXISTS `product` (
  `id` int(255) NOT NULL AUTO_INCREMENT,
  `id_vendor` int(255) DEFAULT NULL,
  `codigo` varchar(255) DEFAULT NULL,
  `nombre` text,
  `costo` int(255) DEFAULT NULL,
  `precio_1` int(255) DEFAULT NULL,
  `utilidad_1` int(255) DEFAULT NULL,
  `id_categoria` int(255) DEFAULT NULL,
  `can_inicial` int(255) DEFAULT NULL,
  `impuesto` int(255) DEFAULT NULL,
  `imagen` text,
  `codigo_fabr` varchar(255) DEFAULT NULL,
  `cantidad_min` int(255) DEFAULT NULL,
  `precio_v_iva1` int(11) NOT NULL,
  PRIMARY KEY (`id`)
) ENGINE=InnoDB AUTO_INCREMENT=8 DEFAULT CHARSET=latin1;

--
-- Volcado de datos para la tabla `product`
--

INSERT INTO `product` (`id`, `id_vendor`, `codigo`, `nombre`, `costo`, `precio_1`, `utilidad_1`, `id_categoria`, `can_inicial`, `impuesto`, `imagen`, `codigo_fabr`, `cantidad_min`, `precio_v_iva1`) VALUES
(1, 1, '1001', 'llanta 300x17 h882 chaoyang', 41000, 45100, 10, 2, 128, 19, 'llanta300x17h882.jpg', '302121', 10, 53669),
(2, 1, '1002', 'llanta 250x17 taco h871', 35000, 38500, 10, 2, 24, 19, '275x17h882.jpg', '302121', 10, 45815),
(3, 2, '1003', 'llanta 275x17 H626 lagarto chaoyan ', 38500, 40810, 6, 2, 82, 19, 'H626.jpg', '202525', 10, 48563),
(4, 1, '1004', 'gusanillo automatico', 190, 247, 30, 4, 214, 19, '699.jpg', '1105050', 100, 293),
(5, 1, '1001', 'producto editado', 5000, 5500, 10, 2, 364, 19, '', '25424', 200, 6545),
(6, 1, '1006', 'producto prueba', 5000, 5500, 10, 2, 197, 19, '', '25424', 10, 6545),
(7, 0, '1007', 'juego de freno mtb ', 30000, 45000, 50, 2, 50, 19, '', '4545', 10, 53550);

-- --------------------------------------------------------

--
-- Estructura de tabla para la tabla `proveedor`
--

DROP TABLE IF EXISTS `proveedor`;
CREATE TABLE IF NOT EXISTS `proveedor` (
  `id` int(255) NOT NULL AUTO_INCREMENT,
  `nombre` varchar(255) DEFAULT NULL,
  `nit` varchar(100) DEFAULT NULL,
  `direccion` text,
  `departamento` varchar(255) DEFAULT NULL,
  `ciudad` varchar(255) DEFAULT NULL,
  `email` varchar(255) DEFAULT NULL,
  `telefono` varchar(255) DEFAULT NULL,
  `vendedor` varchar(255) DEFAULT NULL,
  `tel_vendedor` varchar(255) DEFAULT NULL,
  `impuesto` int(255) DEFAULT NULL,
  PRIMARY KEY (`id`)
) ENGINE=InnoDB AUTO_INCREMENT=3 DEFAULT CHARSET=latin1;

--
-- Volcado de datos para la tabla `proveedor`
--

INSERT INTO `proveedor` (`id`, `nombre`, `nit`, `direccion`, `departamento`, `ciudad`, `email`, `telefono`, `vendedor`, `tel_vendedor`, `impuesto`) VALUES
(1, 'distribuidora sahagun', '7845478454', 'carrera 11A #21 - 20', 'antioquia', 'medellin', 'proveedor@gmail.com', '(303) 761-7123', 'leonel bula ', '(300) 741-2721', 19),
(2, 'comercializadora Colombia', '7845478454', 'carrera 11A #21 - 20', 'cordoba', 'sahagun', 'leonelbula@gmail.com', '(303) 474-5755', 'leonel bula ', '(300) 741-2721', 19);

-- --------------------------------------------------------

--
-- Estructura de tabla para la tabla `retenciones`
--

DROP TABLE IF EXISTS `retenciones`;
CREATE TABLE IF NOT EXISTS `retenciones` (
  `id` int(11) NOT NULL AUTO_INCREMENT,
  `nombre` text NOT NULL,
  `porcentaje` float NOT NULL,
  PRIMARY KEY (`id`)
) ENGINE=MyISAM AUTO_INCREMENT=2 DEFAULT CHARSET=latin1;

--
-- Volcado de datos para la tabla `retenciones`
--

INSERT INTO `retenciones` (`id`, `nombre`, `porcentaje`) VALUES
(1, 'Retención en la fuente', 2.5);

-- --------------------------------------------------------

--
-- Estructura de tabla para la tabla `sub_categoria`
--

DROP TABLE IF EXISTS `sub_categoria`;
CREATE TABLE IF NOT EXISTS `sub_categoria` (
  `id` int(255) NOT NULL AUTO_INCREMENT,
  `id_categoria` int(255) DEFAULT NULL,
  `nombre` varchar(255) DEFAULT NULL,
  `descripcion` text,
  PRIMARY KEY (`id`),
  KEY `id_categoria` (`id_categoria`)
) ENGINE=InnoDB DEFAULT CHARSET=latin1;

-- --------------------------------------------------------

--
-- Estructura de tabla para la tabla `usuarios`
--

DROP TABLE IF EXISTS `usuarios`;
CREATE TABLE IF NOT EXISTS `usuarios` (
  `id_usuario` int(11) NOT NULL AUTO_INCREMENT,
  `nombre` varchar(255) COLLATE utf8_spanish_ci NOT NULL,
  `password` varchar(255) COLLATE utf8_spanish_ci NOT NULL,
  `estado` int(11) NOT NULL,
  `tipo` text COLLATE utf8_spanish_ci NOT NULL,
  PRIMARY KEY (`id_usuario`)
) ENGINE=InnoDB AUTO_INCREMENT=5 DEFAULT CHARSET=utf8 COLLATE=utf8_spanish_ci;

--
-- Volcado de datos para la tabla `usuarios`
--

INSERT INTO `usuarios` (`id_usuario`, `nombre`, `password`, `estado`, `tipo`) VALUES
(1, 'lene', '4545', 1, 'admin'),
(2, 'leonelbula', '$2y$04$xjnDLNprz/Gy83mw9TEbwuNX6.Y.rYtwCd/7K82l66j.Jr15u3xEW', 1, 'admin'),
(3, 'prueba', '$2y$04$mfkFo4kaaPvXCFQUkzpVo.FrTCioPXrtVcVOCesEzemEMqe12eWxG', 0, '1'),
(4, 'juan', '$2y$04$j0Fo6Ld/VtH.ix3c8jYuJOyFHEs3i4ZOrZa3I2pDYu06Pgx0L3TcC', 1, 'admin');

-- --------------------------------------------------------

--
-- Estructura de tabla para la tabla `vanta_producto`
--

DROP TABLE IF EXISTS `vanta_producto`;
CREATE TABLE IF NOT EXISTS `vanta_producto` (
  `id` int(11) NOT NULL AUTO_INCREMENT,
  `id_producto` int(11) NOT NULL,
  `cantidad` int(11) NOT NULL,
  `num_factura` int(11) NOT NULL,
  `fecha` date NOT NULL,
  PRIMARY KEY (`id`)
) ENGINE=MyISAM AUTO_INCREMENT=79 DEFAULT CHARSET=latin1;

--
-- Volcado de datos para la tabla `vanta_producto`
--

INSERT INTO `vanta_producto` (`id`, `id_producto`, `cantidad`, `num_factura`, `fecha`) VALUES
(1, 1, 5, 1001, '2019-07-20'),
(2, 2, 2, 1001, '2019-07-20'),
(3, 3, 4, 1001, '2019-07-20'),
(4, 4, 30, 1001, '2019-07-20'),
(37, 2, 5, 1004, '2019-07-22'),
(19, 3, 1, 1002, '2019-07-20'),
(18, 2, 2, 1002, '2019-07-20'),
(21, 3, 1, 1003, '2019-07-20'),
(20, 2, 5, 1003, '2019-07-20'),
(36, 1, 10, 1004, '2019-07-22'),
(38, 3, 10, 1004, '2019-07-22'),
(39, 4, 100, 1004, '2019-07-22'),
(51, 4, 25, 1005, '2019-07-22'),
(50, 3, 2, 1005, '2019-07-22'),
(49, 2, 2, 1005, '2019-07-22'),
(48, 1, 2, 1005, '2019-07-22'),
(52, 2, 1, 1006, '2019-09-03'),
(53, 5, 1, 1006, '2019-09-03'),
(54, 4, 10, 1006, '2019-09-03'),
(55, 6, 1, 1006, '2019-09-03'),
(56, 1, 1, 1007, '2019-09-12'),
(57, 2, 1, 1007, '2019-09-12'),
(58, 3, 1, 1008, '2019-09-12'),
(59, 4, 1, 1008, '2019-09-12'),
(60, 5, 1, 1008, '2019-09-12'),
(61, 6, 1, 1008, '2019-09-12'),
(62, 2, 1, 1008, '2019-09-12'),
(63, 6, 1, 1009, '2019-09-12'),
(64, 4, 20, 1009, '2019-09-12'),
(65, 3, 2, 1009, '2019-09-12'),
(66, 5, 20, 1009, '2019-09-12'),
(67, 2, 1, 1009, '2019-09-12'),
(68, 1, 1, 1009, '2019-09-12'),
(69, 4, 1, 1010, '2019-09-12'),
(70, 3, 1, 1010, '2019-09-12'),
(71, 2, 1, 1010, '2019-09-12'),
(72, 1, 1, 1011, '2019-09-12'),
(73, 1, 10, 1012, '2019-10-04'),
(74, 4, 100, 1012, '2019-10-04'),
(75, 5, 2, 1012, '2019-10-04'),
(76, 1, 10, 1012, '2019-10-04'),
(77, 4, 100, 1012, '2019-10-04'),
(78, 5, 2, 1012, '2019-10-04');

-- --------------------------------------------------------

--
-- Estructura de tabla para la tabla `venta`
--

DROP TABLE IF EXISTS `venta`;
CREATE TABLE IF NOT EXISTS `venta` (
  `id` int(255) NOT NULL AUTO_INCREMENT,
  `codigo` int(255) DEFAULT NULL,
  `fecha` date DEFAULT NULL,
  `hora` time NOT NULL,
  `tipo` int(255) DEFAULT NULL,
  `id_plazo` int(255) DEFAULT NULL,
  `fecha_vencimiento` date DEFAULT NULL,
  `id_cliente` int(255) DEFAULT NULL,
  `detalle_venta` text,
  `sub_total` int(255) DEFAULT NULL,
  `iva` int(255) DEFAULT NULL,
  `total` int(255) DEFAULT NULL,
  `saldo` int(11) NOT NULL,
  `utilidad` int(255) DEFAULT NULL,
  PRIMARY KEY (`id`)
) ENGINE=InnoDB AUTO_INCREMENT=13 DEFAULT CHARSET=latin1;

--
-- Volcado de datos para la tabla `venta`
--

INSERT INTO `venta` (`id`, `codigo`, `fecha`, `hora`, `tipo`, `id_plazo`, `fecha_vencimiento`, `id_cliente`, `detalle_venta`, `sub_total`, `iva`, `total`, `saldo`, `utilidad`) VALUES
(1, 1001, '2019-07-20', '00:00:00', 0, 0, '2019-07-20', 1, '[{\"id\":\"1\",\"codigo\":\"1001\",\"descripcion\":\"llanta 300X17 h882 chaoyang\",\"cantidad\":\"5\",\"costo\":\"41000\",\"precio\":\"53669\",\"descuento\":\"0\",\"impuesto\":\"19\",\"subtotal\":\"268345\"},{\"id\":\"2\",\"codigo\":\"1002\",\"descripcion\":\"llanta 250X17 taco h871\",\"cantidad\":\"2\",\"costo\":\"35000\",\"precio\":\"45815\",\"descuento\":\"0\",\"impuesto\":\"19\",\"subtotal\":\"91630\"},{\"id\":\"3\",\"codigo\":\"1003\",\"descripcion\":\"llanta 275X17 h626 lagarto chaoyang \",\"cantidad\":\"4\",\"costo\":\"38500\",\"precio\":\"48563\",\"descuento\":\"0\",\"impuesto\":\"19\",\"subtotal\":\"194252\"},{\"id\":\"4\",\"codigo\":\"1004\",\"descripcion\":\"gusanillo automatico\",\"cantidad\":\"30\",\"costo\":\"190\",\"precio\":\"293\",\"descuento\":\"0\",\"impuesto\":\"19\",\"subtotal\":\"8790\"}]', 473122, 89895, 563017, 420000, 38422),
(2, 1002, '2019-07-20', '00:00:00', 1, 4, '2019-08-19', 2, '[{\"id\":\"2\",\"codigo\":\"1002\",\"descripcion\":\"llanta 250x17 taco h871\",\"cantidad\":\"2\",\"costo\":\"35000\",\"precio\":\"45815\",\"descuento\":\"0\",\"impuesto\":\"19\",\"subtotal\":\"91630\"},{\"id\":\"3\",\"codigo\":\"1003\",\"descripcion\":\"llanta 275x17 h626 lagarto chaoyang \",\"cantidad\":\"1\",\"costo\":\"38500\",\"precio\":\"48563\",\"descuento\":\"0\",\"impuesto\":\"19\",\"subtotal\":\"48563\"}]', 140155, 38, 140193, 140193, 9309),
(3, 1003, '2019-08-20', '00:00:00', 1, 2, '2019-08-30', 4, '[{\"id\":\"2\",\"codigo\":\"1002\",\"descripcion\":\"llanta 250X17 taco H871\",\"cantidad\":\"5\",\"costo\":\"35000\",\"precio\":\"47897\",\"descuento\":\"5\",\"impuesto\":\"19\",\"subtotal\":\"227510\"},{\"id\":\"3\",\"codigo\":\"1003\",\"descripcion\":\"llanta 275x17 h626 lagarto chaoyang \",\"cantidad\":\"1\",\"costo\":\"38500\",\"precio\":\"52687\",\"descuento\":\"5\",\"impuesto\":\"19\",\"subtotal\":\"50052\"}]', 233244, 44318, 277562, 277652, 19744),
(4, 1004, '2019-08-22', '00:00:00', 1, 4, '2019-09-21', 1, '[{\"id\":\"1\",\"codigo\":\"1001\",\"descripcion\":\"llanta 300x17 h882 chaoyang\",\"cantidad\":\"10\",\"costo\":\"41000\",\"precio\":\"53669\",\"descuento\":\"0\",\"impuesto\":\"19\",\"subtotal\":\"536690\"},{\"id\":\"2\",\"codigo\":\"1002\",\"descripcion\":\"llanta 250x17 taco h871\",\"cantidad\":\"5\",\"costo\":\"35000\",\"precio\":\"45815\",\"descuento\":\"0\",\"impuesto\":\"19\",\"subtotal\":\"229075\"},{\"id\":\"3\",\"codigo\":\"1003\",\"descripcion\":\"llanta 275x17 H626 lagarto chaoyan \",\"cantidad\":\"10\",\"costo\":\"38500\",\"precio\":\"48563\",\"descuento\":\"0\",\"impuesto\":\"19\",\"subtotal\":\"485630\"},{\"id\":\"4\",\"codigo\":\"1004\",\"descripcion\":\"gusanillo automatico\",\"cantidad\":\"100\",\"costo\":\"190\",\"precio\":\"293\",\"descuento\":\"0\",\"impuesto\":\"19\",\"subtotal\":\"29300\"}]', 1076213, 204482, 1280695, 0, 87213),
(5, 1005, '2019-10-22', '15:16:09', 1, 6, '2019-11-20', 1, '[{\"id\":\"1\",\"codigo\":\"1001\",\"descripcion\":\"llanta 300x17 h882 chaoyang\",\"cantidad\":\"2\",\"costo\":\"41000\",\"precio\":\"53669\",\"descuento\":\"0\",\"impuesto\":\"19\",\"subtotal\":\"107338\"},{\"id\":\"2\",\"codigo\":\"1002\",\"descripcion\":\"llanta 250x17 taco h871\",\"cantidad\":\"2\",\"costo\":\"35000\",\"precio\":\"45815\",\"descuento\":\"0\",\"impuesto\":\"19\",\"subtotal\":\"91630\"},{\"id\":\"3\",\"codigo\":\"1003\",\"descripcion\":\"llanta 275x17 H626 lagarto chaoyan \",\"cantidad\":\"2\",\"costo\":\"38500\",\"precio\":\"48563\",\"descuento\":\"0\",\"impuesto\":\"19\",\"subtotal\":\"97126\"},{\"id\":\"4\",\"codigo\":\"1004\",\"descripcion\":\"gusanillo automatico\",\"cantidad\":\"25\",\"costo\":\"190\",\"precio\":\"293\",\"descuento\":\"0\",\"impuesto\":\"19\",\"subtotal\":\"7325\"}]', 302192, 1227, 303419, 0, 21223),
(6, 1006, '2019-09-11', '05:03:29', 0, 0, '2019-09-11', 1, '[{\"id\":\"2\",\"codigo\":\"1002\",\"descripcion\":\"llanta 250x17 taco h871\",\"cantidad\":\"1\",\"costo\":\"35000\",\"precio\":\"45815\",\"descuento\":\"0\",\"impuesto\":\"19\",\"subtotal\":\"45815\"},{\"id\":\"5\",\"codigo\":\"1001\",\"descripcion\":\"producto editado\",\"cantidad\":\"1\",\"costo\":\"5000\",\"precio\":\"6545\",\"descuento\":\"0\",\"impuesto\":\"19\",\"subtotal\":\"6545\"},{\"id\":\"4\",\"codigo\":\"1004\",\"descripcion\":\"gusanillo automatico\",\"cantidad\":\"10\",\"costo\":\"190\",\"precio\":\"293\",\"descuento\":\"10\",\"impuesto\":\"19\",\"subtotal\":\"2637\"},{\"id\":\"6\",\"codigo\":\"1006\",\"descripcion\":\"producto prueba\",\"cantidad\":\"1\",\"costo\":\"5000\",\"precio\":\"6545\",\"descuento\":\"0\",\"impuesto\":\"19\",\"subtotal\":\"6545\"}]', 51715, 9827, 61542, 0, 4815),
(7, 1007, '2019-09-12', '18:50:56', 0, 0, '2019-09-12', 1, '[{\"id\":\"1\",\"codigo\":\"1001\",\"descripcion\":\"llanta 300x17 h882 chaoyang\",\"cantidad\":\"1\",\"costo\":\"41000\",\"precio\":\"53669\",\"descuento\":\"0\",\"impuesto\":\"19\",\"subtotal\":\"53669\"},{\"id\":\"2\",\"codigo\":\"1002\",\"descripcion\":\"llanta 250x17 taco h871\",\"cantidad\":\"1\",\"costo\":\"35000\",\"precio\":\"45815\",\"descuento\":\"0\",\"impuesto\":\"19\",\"subtotal\":\"45815\"}]', 83600, 15884, 99484, 0, 7600),
(8, 1008, '2019-09-12', '18:51:39', 1, 1, '2019-09-17', 1, '[{\"id\":\"3\",\"codigo\":\"1003\",\"descripcion\":\"llanta 275x17 H626 lagarto chaoyan \",\"cantidad\":\"1\",\"costo\":\"38500\",\"precio\":\"48563\",\"descuento\":\"0\",\"impuesto\":\"19\",\"subtotal\":\"48563\"},{\"id\":\"4\",\"codigo\":\"1004\",\"descripcion\":\"gusanillo automatico\",\"cantidad\":\"1\",\"costo\":\"190\",\"precio\":\"293\",\"descuento\":\"0\",\"impuesto\":\"19\",\"subtotal\":\"293\"},{\"id\":\"5\",\"codigo\":\"1001\",\"descripcion\":\"producto editado\",\"cantidad\":\"1\",\"costo\":\"5000\",\"precio\":\"6545\",\"descuento\":\"0\",\"impuesto\":\"19\",\"subtotal\":\"6545\"},{\"id\":\"6\",\"codigo\":\"1006\",\"descripcion\":\"producto prueba\",\"cantidad\":\"1\",\"costo\":\"5000\",\"precio\":\"6545\",\"descuento\":\"0\",\"impuesto\":\"19\",\"subtotal\":\"6545\"},{\"id\":\"2\",\"codigo\":\"1002\",\"descripcion\":\"llanta 250x17 taco h871\",\"cantidad\":\"1\",\"costo\":\"35000\",\"precio\":\"45815\",\"descuento\":\"0\",\"impuesto\":\"19\",\"subtotal\":\"45815\"}]', 90555, 17206, 107761, 0, 6865),
(9, 1009, '2019-09-12', '18:52:17', 0, 0, '2019-09-12', 2, '[{\"id\":\"6\",\"codigo\":\"1006\",\"descripcion\":\"producto prueba\",\"cantidad\":\"1\",\"costo\":\"5000\",\"precio\":\"6545\",\"descuento\":\"0\",\"impuesto\":\"19\",\"subtotal\":\"6545\"},{\"id\":\"4\",\"codigo\":\"1004\",\"descripcion\":\"gusanillo automatico\",\"cantidad\":\"20\",\"costo\":\"190\",\"precio\":\"293\",\"descuento\":\"0\",\"impuesto\":\"19\",\"subtotal\":\"5860\"},{\"id\":\"3\",\"codigo\":\"1003\",\"descripcion\":\"llanta 275x17 H626 lagarto chaoyan \",\"cantidad\":\"2\",\"costo\":\"38500\",\"precio\":\"48563\",\"descuento\":\"0\",\"impuesto\":\"19\",\"subtotal\":\"97126\"},{\"id\":\"5\",\"codigo\":\"1001\",\"descripcion\":\"producto editado\",\"cantidad\":\"20\",\"costo\":\"5000\",\"precio\":\"6545\",\"descuento\":\"0\",\"impuesto\":\"19\",\"subtotal\":\"130900\"},{\"id\":\"2\",\"codigo\":\"1002\",\"descripcion\":\"llanta 250x17 taco h871\",\"cantidad\":\"1\",\"costo\":\"35000\",\"precio\":\"45815\",\"descuento\":\"0\",\"impuesto\":\"19\",\"subtotal\":\"45815\"},{\"id\":\"1\",\"codigo\":\"1001\",\"descripcion\":\"llanta 300x17 h882 chaoyang\",\"cantidad\":\"1\",\"costo\":\"41000\",\"precio\":\"53669\",\"descuento\":\"0\",\"impuesto\":\"19\",\"subtotal\":\"53669\"}]', 285642, 54273, 339915, 0, 23842),
(10, 1010, '2019-09-12', '18:52:38', 0, 0, '2019-09-12', 5, '[{\"id\":\"4\",\"codigo\":\"1004\",\"descripcion\":\"gusanillo automatico\",\"cantidad\":\"1\",\"costo\":\"190\",\"precio\":\"293\",\"descuento\":\"0\",\"impuesto\":\"19\",\"subtotal\":\"293\"},{\"id\":\"3\",\"codigo\":\"1003\",\"descripcion\":\"llanta 275x17 H626 lagarto chaoyan \",\"cantidad\":\"1\",\"costo\":\"38500\",\"precio\":\"48563\",\"descuento\":\"0\",\"impuesto\":\"19\",\"subtotal\":\"48563\"},{\"id\":\"2\",\"codigo\":\"1002\",\"descripcion\":\"llanta 250x17 taco h871\",\"cantidad\":\"1\",\"costo\":\"35000\",\"precio\":\"45815\",\"descuento\":\"0\",\"impuesto\":\"19\",\"subtotal\":\"45815\"}]', 79555, 15116, 94671, 0, 5865),
(11, 1011, '2019-09-12', '18:53:00', 1, 6, '2019-11-11', 4, '[{\"id\":\"1\",\"codigo\":\"1001\",\"descripcion\":\"llanta 300x17 h882 chaoyang\",\"cantidad\":\"1\",\"costo\":\"41000\",\"precio\":\"53669\",\"descuento\":\"0\",\"impuesto\":\"19\",\"subtotal\":\"53669\"}]', 45100, 8569, 53669, 0, 4100),
(12, 1012, '2019-10-04', '06:15:11', 1, 6, '2019-12-03', 2, '[{\"id\":\"1\",\"codigo\":\"1001\",\"descripcion\":\"llanta 300x17 h882 chaoyang\",\"cantidad\":\"10\",\"costo\":\"41000\",\"precio\":\"53669\",\"descuento\":\"0\",\"impuesto\":\"19\",\"subtotal\":\"536690\"},{\"id\":\"4\",\"codigo\":\"1004\",\"descripcion\":\"gusanillo automatico\",\"cantidad\":\"100\",\"costo\":\"190\",\"precio\":\"293\",\"descuento\":\"0\",\"impuesto\":\"19\",\"subtotal\":\"29300\"},{\"id\":\"5\",\"codigo\":\"1001\",\"descripcion\":\"producto editado\",\"cantidad\":\"2\",\"costo\":\"5000\",\"precio\":\"6545\",\"descuento\":\"0\",\"impuesto\":\"19\",\"subtotal\":\"13090\"}]', 486621, 92459, 579080, 579080, 47621);

--
-- Restricciones para tablas volcadas
--

--
-- Filtros para la tabla `compra`
--
ALTER TABLE `compra`
  ADD CONSTRAINT `compra_ibfk_1` FOREIGN KEY (`id_proveedor`) REFERENCES `proveedor` (`id`);

--
-- Filtros para la tabla `devol_cliente`
--
ALTER TABLE `devol_cliente`
  ADD CONSTRAINT `devol_cliente_ibfk_1` FOREIGN KEY (`id_cliente`) REFERENCES `cliente` (`id`);

--
-- Filtros para la tabla `devol_proveedor`
--
ALTER TABLE `devol_proveedor`
  ADD CONSTRAINT `devol_proveedor_ibfk_1` FOREIGN KEY (`id_proveedor`) REFERENCES `proveedor` (`id`);
COMMIT;

/*!40101 SET CHARACTER_SET_CLIENT=@OLD_CHARACTER_SET_CLIENT */;
/*!40101 SET CHARACTER_SET_RESULTS=@OLD_CHARACTER_SET_RESULTS */;
/*!40101 SET COLLATION_CONNECTION=@OLD_COLLATION_CONNECTION */;
